"identifier","age_0_24","age_25_44","age_45_64","age_65_inf","X0_10K","X100K_125K","X10K_15K","X125K_150K","X150K_200K","X15K_20K","X200K_inf","X20K_25K","X25K_30K","X30K_35K","X35K_40K","X40K_45K","X45K_50K","X50K_60K","X60K_75K","X75K_100K","B19037_003","B19037_004","B19037_005","B19037_006","B19037_007","B19037_008","B19037_009","B19037_010","B19037_011","B19037_012","B19037_013","B19037_014","B19037_015","B19037_016","B19037_017","B19037_018","B19037_020","B19037_021","B19037_022","B19037_023","B19037_024","B19037_025","B19037_026","B19037_027","B19037_028","B19037_029","B19037_030","B19037_031","B19037_032","B19037_033","B19037_034","B19037_035","B19037_037","B19037_038","B19037_039","B19037_040","B19037_041","B19037_042","B19037_043","B19037_044","B19037_045","B19037_046","B19037_047","B19037_048","B19037_049","B19037_050","B19037_051","B19037_052","B19037_054","B19037_055","B19037_056","B19037_057","B19037_058","B19037_059","B19037_060","B19037_061","B19037_062","B19037_063","B19037_064","B19037_065","B19037_066","B19037_067","B19037_068","B19037_069","block_group_area","intersect_area","sent","areaDesc"
"0461479e-2280-4c25-8ed8-37ac6956ff91",2571,6171,2138,977,289,1143,316,667,354,275,179,630,857,741,1026,1017,786,1102,1323,1152,28,47,56,156,450,179,344,240,159,533,213,76,29,61,0,0,183,150,125,282,88,412,547,650,502,399,868,543,793,370,206,53,52,47,66,127,206,61,82,92,62,143,167,350,286,196,111,90,26,72,28,65,113,89,53,35,63,27,75,183,35,40,37,36,567635317.018744,5663427.30703061,"2020-12-24T10:10:33.000Z",",93808"
"0eb52d10-e109-42af-9fe9-81ebafe3f682",228,6405,8434,4231,825,2195,442,1607,1878,478,1588,790,711,808,620,593,660,1413,1832,2858,40,16,7,6,20,7,7,11,0,37,60,5,12,0,0,0,330,96,194,78,92,199,130,253,293,562,725,1058,722,572,563,538,304,60,139,337,352,417,227,250,233,435,679,1237,993,720,1103,948,151,270,138,369,247,185,256,79,134,379,368,558,468,315,212,102,732843124.833878,159651600.682952,"2018-12-06T22:51:23.000Z","Riverside County, CA"
"1113601109051049-1011820180630000200595",0,246,1034,354,59,49,14,118,204,0,847,19,21,37,0,38,14,45,97,72,0,0,0,0,0,0,0,0,0,0,0,0,0,0,0,0,0,0,0,0,0,0,0,0,0,0,0,0,14,61,27,144,59,14,0,0,21,0,0,21,14,0,87,46,24,19,134,595,0,0,0,19,0,37,0,17,0,45,10,26,11,38,43,108,70650323.4510582,2633029.9713921,"2018-06-30T00:02:00.000Z","Location"
"1113601109071050-1011620180630000208501",0,246,1034,354,59,49,14,118,204,0,847,19,21,37,0,38,14,45,97,72,0,0,0,0,0,0,0,0,0,0,0,0,0,0,0,0,0,0,0,0,0,0,0,0,0,0,0,0,14,61,27,144,59,14,0,0,21,0,0,21,14,0,87,46,24,19,134,595,0,0,0,19,0,37,0,17,0,45,10,26,11,38,43,108,70650323.4510582,2633029.9713921,"2018-06-30T00:02:08.000Z","Location"
"1113601109071051-1011720180630000218049",0,246,1034,354,59,49,14,118,204,0,847,19,21,37,0,38,14,45,97,72,0,0,0,0,0,0,0,0,0,0,0,0,0,0,0,0,0,0,0,0,0,0,0,0,0,0,0,0,14,61,27,144,59,14,0,0,21,0,0,21,14,0,87,46,24,19,134,595,0,0,0,19,0,37,0,17,0,45,10,26,11,38,43,108,70650323.4510582,2633029.9713921,"2018-06-30T00:02:18.000Z","Location"
"1114568109211049-1011820180725230900709",0,137,378,377,52,32,34,43,233,0,179,18,18,37,0,21,0,72,31,122,0,0,0,0,0,0,0,0,0,0,0,0,0,0,0,0,0,0,0,0,0,0,0,0,0,0,0,33,14,0,61,29,40,34,0,0,0,0,0,21,0,0,21,63,7,22,95,75,12,0,0,18,18,37,0,0,0,72,10,26,11,21,77,75,307397710.112235,5400325.96461456,"2018-07-25T23:09:00.000Z","Location"
"1114568109221050-1011620180725230907663",0,137,378,377,52,32,34,43,233,0,179,18,18,37,0,21,0,72,31,122,0,0,0,0,0,0,0,0,0,0,0,0,0,0,0,0,0,0,0,0,0,0,0,0,0,0,0,33,14,0,61,29,40,34,0,0,0,0,0,21,0,0,21,63,7,22,95,75,12,0,0,18,18,37,0,0,0,72,10,26,11,21,77,75,307397710.112235,5400325.96461456,"2018-07-25T23:09:07.000Z","Location"
"1114568109221051-1011720180725230911913",0,137,378,377,52,32,34,43,233,0,179,18,18,37,0,21,0,72,31,122,0,0,0,0,0,0,0,0,0,0,0,0,0,0,0,0,0,0,0,0,0,0,0,0,0,0,0,33,14,0,61,29,40,34,0,0,0,0,0,21,0,0,21,63,7,22,95,75,12,0,0,18,18,37,0,0,0,72,10,26,11,21,77,75,307397710.112235,5400325.96461456,"2018-07-25T23:09:11.000Z","Location"
"1114577109231049-1011820180726003221291",33,734,1679,1555,183,341,61,263,749,53,912,80,128,56,105,114,32,133,217,574,33,0,0,0,0,0,0,0,0,0,0,0,0,0,0,0,0,27,9,0,44,0,0,0,11,12,29,137,64,73,168,160,115,34,8,30,21,0,23,49,0,10,98,200,142,87,414,448,35,0,36,50,63,56,82,65,21,111,90,237,135,103,167,304,418290456.225812,17493226.0697904,"2018-07-26T00:32:21.000Z","Location"
"1118760109911049-1011820181018060346331",96,1737,1248,446,122,340,75,229,174,67,133,254,119,105,104,101,131,288,585,700,0,0,0,0,0,0,10,19,0,0,11,22,0,0,34,0,46,44,45,95,40,72,75,40,67,163,330,303,123,182,85,27,67,18,22,77,39,23,0,21,64,85,145,353,167,28,37,102,9,13,0,82,40,10,19,21,0,40,99,22,50,19,18,4,12541790.8827601,1612331.28543682,"2018-10-18T06:03:46.000Z","Location"
"1131403111001049-1011820190807194811935",60,1067,1267,540,163,398,40,242,535,34,540,122,46,27,35,69,37,197,161,288,0,0,0,0,0,0,0,0,0,0,0,15,45,0,0,0,61,0,11,43,25,7,0,14,37,92,51,77,104,162,217,166,72,9,0,26,21,8,16,33,0,24,71,166,187,43,275,316,30,31,23,53,0,12,19,22,0,81,39,30,62,37,43,58,46927383.2194484,1910801.36976174,"2019-08-07T19:48:11.000Z","Location"
"1134598111541049-1011820191027132925092",0,372,470,116,16,120,0,154,171,32,116,9,32,0,12,69,15,38,47,127,0,0,0,0,0,0,0,0,0,0,0,0,0,0,0,0,0,0,32,0,24,0,0,7,0,15,0,72,35,21,105,61,11,0,0,0,0,0,12,29,0,23,47,55,76,111,60,46,5,0,0,9,8,0,0,33,15,0,0,0,9,22,6,9,106794301.461763,3327404.66736362,"2019-10-27T13:29:25.000Z","Location"
"1134603111561049-1011820191027133400218",0,912,1122,395,138,355,18,263,346,55,344,71,32,27,47,105,52,185,126,265,0,0,0,0,0,0,0,0,0,0,0,0,0,0,0,0,61,0,32,43,24,7,0,21,37,107,24,92,119,80,172,93,60,0,0,14,0,8,28,29,0,30,85,155,210,139,161,203,17,18,23,14,8,12,19,55,15,48,17,18,26,44,13,48,150751752.572877,6546994.65112122,"2019-10-27T13:34:00.000Z","Location"
"1134608111581049-1011820191027133731839",0,1367,1559,519,181,445,18,355,702,55,513,104,72,51,72,111,89,213,131,333,0,0,0,0,0,0,0,0,0,0,0,0,0,0,0,0,81,0,32,43,64,7,0,21,37,107,24,122,194,140,344,151,83,0,0,14,0,14,43,29,30,58,90,187,218,165,320,308,17,18,23,47,8,30,29,61,22,48,17,24,33,50,38,54,191835538.570845,15360657.4630999,"2019-10-27T13:37:31.000Z","Location"
"1134610111591049-1011820191027145627753",0,78,209,201,12,0,34,22,152,0,85,18,18,0,0,0,0,62,0,85,0,0,0,0,0,0,0,0,0,0,0,0,0,0,0,0,0,0,0,0,0,0,0,0,0,0,0,33,0,0,34,11,0,34,0,0,0,0,0,0,0,0,0,52,0,22,57,44,12,0,0,18,18,0,0,0,0,62,0,0,0,0,61,30,243377613.905364,1414342.77893754,"2019-10-27T14:56:27.000Z","Location"
"1134615111601049-1011820191027153032101",0,1367,1559,519,181,445,18,355,702,55,513,104,72,51,72,111,89,213,131,333,0,0,0,0,0,0,0,0,0,0,0,0,0,0,0,0,81,0,32,43,64,7,0,21,37,107,24,122,194,140,344,151,83,0,0,14,0,14,43,29,30,58,90,187,218,165,320,308,17,18,23,47,8,30,29,61,22,48,17,24,33,50,38,54,191835538.570845,11821751.7872624,"2019-10-27T15:30:32.000Z","Location"
"1134620111611049-1011820191027171022784",0,242,483,230,56,122,53,131,97,20,68,33,0,40,62,0,23,32,74,144,0,0,0,0,0,0,0,0,0,0,0,0,0,0,0,0,10,13,0,0,0,0,19,0,8,0,5,39,69,30,49,0,36,18,0,33,0,29,34,0,0,23,28,83,41,72,29,57,10,22,20,0,0,11,9,0,15,9,41,22,12,29,19,11,12224005.3268757,328410.940452467,"2019-10-27T17:10:22.000Z","Location"
"1134624111621050-1011620191027172134900",0,605,1133,472,147,283,136,222,206,20,180,53,42,59,85,20,94,178,218,267,0,0,0,0,0,0,0,0,0,0,0,0,0,0,0,0,53,58,0,0,8,14,24,4,36,33,25,60,166,40,71,13,84,56,0,33,22,29,44,16,10,125,141,110,105,136,104,118,10,22,20,20,12,16,17,0,48,20,52,97,12,46,31,49,36539478.8720369,10176052.8142937,"2019-10-27T17:21:34.000Z","Location"
"1134624111631049-1011820191027172138266",0,605,1133,472,147,283,136,222,206,20,180,53,42,59,85,20,94,178,218,267,0,0,0,0,0,0,0,0,0,0,0,0,0,0,0,0,53,58,0,0,8,14,24,4,36,33,25,60,166,40,71,13,84,56,0,33,22,29,44,16,10,125,141,110,105,136,104,118,10,22,20,20,12,16,17,0,48,20,52,97,12,46,31,49,36539478.8720369,10176052.8142937,"2019-10-27T17:21:38.000Z","Location"
"1134645111651049-1011820191027210528494",0,211,506,254,24,108,0,88,78,0,397,0,18,32,20,34,0,8,41,123,0,0,0,0,0,0,0,0,0,0,0,0,0,0,0,0,0,0,0,0,0,16,0,0,0,0,0,27,33,0,0,135,24,0,0,0,0,16,20,0,0,0,31,61,55,44,28,227,0,0,0,0,18,0,0,34,0,8,10,35,20,44,50,35,4954519.57554443,1372063.51327334,"2019-10-27T21:05:28.000Z","Location"
"1134654111661049-1011820191027214358898",22,654,1130,766,52,204,0,218,557,0,721,190,74,50,41,86,13,48,130,188,22,0,0,0,0,0,0,0,0,0,0,0,0,0,0,0,9,0,0,0,0,0,0,0,13,30,0,67,45,86,127,277,0,0,0,96,0,16,0,28,0,18,50,85,71,68,315,383,21,0,0,94,74,34,41,58,0,0,80,36,88,64,115,61,5793558.91132878,894858.621491056,"2019-10-27T21:43:58.000Z","Location"
"1134664111671049-1011820191027231432791",0,73,340,203,0,29,0,169,123,14,112,0,43,18,0,15,0,14,0,79,0,0,0,0,0,0,0,0,0,0,0,0,0,0,0,0,0,0,0,0,0,0,0,0,0,0,0,0,0,56,0,17,0,0,0,0,43,0,0,15,0,0,0,63,17,48,75,79,0,0,14,0,0,18,0,0,0,14,0,16,12,65,48,16,1344386.09986449,801822.075019536,"2019-10-27T23:14:32.000Z","Location"
"1149029114461049-1011820200707193440998",0,372,470,116,16,120,0,154,171,32,116,9,32,0,12,69,15,38,47,127,0,0,0,0,0,0,0,0,0,0,0,0,0,0,0,0,0,0,32,0,24,0,0,7,0,15,0,72,35,21,105,61,11,0,0,0,0,0,12,29,0,23,47,55,76,111,60,46,5,0,0,9,8,0,0,33,15,0,0,0,9,22,6,9,106794301.461763,5332458.93588582,"2020-07-07T19:34:41.000Z","Location"
"1149029114471081-1132520200707193448498",0,372,470,116,16,120,0,154,171,32,116,9,32,0,12,69,15,38,47,127,0,0,0,0,0,0,0,0,0,0,0,0,0,0,0,0,0,0,32,0,24,0,0,7,0,15,0,72,35,21,105,61,11,0,0,0,0,0,12,29,0,23,47,55,76,111,60,46,5,0,0,9,8,0,0,33,15,0,0,0,9,22,6,9,106794301.461763,5332458.93588582,"2020-07-07T19:34:48.000Z","Location"
"1150957114661081-1132520200817041741429",33,675,1510,1379,143,309,61,242,668,53,818,80,128,19,105,93,32,123,186,537,33,0,0,0,0,0,0,0,0,0,0,0,0,0,0,0,0,27,9,0,44,0,0,0,11,12,29,137,50,73,141,142,75,34,8,30,21,0,23,28,0,10,77,189,135,87,376,417,35,0,36,50,63,19,82,65,21,101,80,211,124,82,151,259,354270360.01894,14893986.0160909,"2020-08-17T04:17:41.000Z","Location"
"1150965114671081-1132520200817050413594",0,137,378,377,52,32,34,43,233,0,179,18,18,37,0,21,0,72,31,122,0,0,0,0,0,0,0,0,0,0,0,0,0,0,0,0,0,0,0,0,0,0,0,0,0,0,0,33,14,0,61,29,40,34,0,0,0,0,0,21,0,0,21,63,7,22,95,75,12,0,0,18,18,37,0,0,0,72,10,26,11,21,77,75,307397710.112235,7368367.80596988,"2020-08-17T05:04:13.000Z","Location"
"2415a35d-a475-47b7-87f2-c89901cbcc96",219,4272,5227,2038,260,1371,229,1103,1172,280,606,442,429,462,289,394,341,1055,1383,1940,36,0,0,41,61,15,21,4,0,0,13,13,15,0,0,0,80,47,74,192,145,184,111,121,74,374,593,781,385,574,357,180,99,76,54,124,120,154,109,183,212,506,557,815,813,395,674,336,45,106,152,85,103,109,48,86,55,175,220,331,158,134,141,90,83768579.0447797,18513089.030838,"2019-02-14T21:14:38.000Z","Riverside County, CA"
"28af2f5c-d2bd-4621-821d-899bd416268b",26,409,476,242,32,135,55,61,20,26,36,102,33,32,42,76,94,114,96,199,15,5,0,0,0,0,0,6,0,0,0,0,0,0,0,0,9,0,0,35,8,0,19,46,62,70,62,53,22,14,5,4,8,23,0,10,0,8,23,17,23,27,34,117,104,41,9,32,0,27,26,57,25,24,0,7,9,17,0,29,9,6,6,0,2948956.62771218,903626.264990539,"2019-10-30T18:36:01.000Z","Riverside County, CA"
"31175cfc-ab7e-476e-812b-4bfa22c7a4a8",12,421,746,560,90,293,43,119,181,79,194,61,50,73,58,47,22,71,161,197,0,0,12,0,0,0,0,0,0,0,0,0,0,0,0,0,38,8,0,9,0,32,0,0,0,16,74,67,107,14,24,32,52,35,20,22,42,19,7,23,7,11,41,58,105,46,127,131,0,0,47,30,8,22,51,24,15,44,46,72,81,59,30,31,492123347.219196,26884777.9034475,"2020-09-06T19:37:11.000Z",",92487"
"32dcf9e9-312d-4efb-92ac-53818f91a0ae",12,421,746,560,90,293,43,119,181,79,194,61,50,73,58,47,22,71,161,197,0,0,12,0,0,0,0,0,0,0,0,0,0,0,0,0,38,8,0,9,0,32,0,0,0,16,74,67,107,14,24,32,52,35,20,22,42,19,7,23,7,11,41,58,105,46,127,131,0,0,47,30,8,22,51,24,15,44,46,72,81,59,30,31,492123347.219196,22845863.404693,"2020-09-06T22:13:21.000Z",",92492"
"34be210f-b72f-40c1-8569-510b07b17328",41,270,484,283,62,83,67,85,93,41,52,44,31,21,36,99,51,66,84,163,0,0,0,20,5,0,0,16,0,0,0,0,0,0,0,0,0,17,0,0,2,4,0,31,14,20,22,75,25,34,6,20,47,18,22,0,5,10,7,27,19,29,41,68,54,45,70,22,15,32,19,24,19,7,29,25,18,17,21,20,4,6,17,10,746030419.051752,178588487.41438,"2020-09-09T22:26:49.000Z","San Bernardino County, CA"
"351710576953519",0,1685,3807,1079,94,675,70,532,1193,92,2983,0,37,57,40,22,60,153,239,324,0,0,0,0,0,0,0,0,0,0,0,0,0,0,0,0,5,0,0,0,5,0,0,0,24,0,29,38,194,112,373,905,75,12,16,0,11,49,27,4,28,61,78,151,400,303,651,1941,14,58,76,0,21,8,13,18,8,92,132,135,81,117,169,137,38926342.4087572,8099655.48916849,"2019-07-15T19:49:45.000Z","Santa Clara County"
"36b4afd3-d18f-4c5b-92ff-cc79f7d526e3",62,1201,1575,1033,127,448,162,155,123,216,97,232,222,148,223,265,86,299,384,684,0,0,9,0,0,8,9,0,0,8,5,23,0,0,0,0,17,8,51,97,26,27,37,72,43,79,208,257,171,62,28,18,55,59,49,55,64,75,132,108,31,71,148,276,227,72,95,58,55,95,107,80,132,38,45,85,12,141,23,128,50,21,0,21,29657304.1660035,4738751.17780779,"2019-10-30T20:19:36.000Z","Riverside County, CA"
"36bbabe2-5608-480b-b782-b940d8dea0be",145,2948,4656,3140,519,798,599,928,616,481,382,628,587,766,536,508,320,882,1173,1166,25,0,0,0,33,15,0,5,0,0,0,38,29,0,0,0,33,114,66,130,91,146,145,189,159,328,476,314,230,229,162,136,250,172,162,230,117,440,151,169,115,362,381,549,412,573,352,221,211,313,253,268,346,165,240,145,46,192,316,265,127,126,102,25,1534573314.99515,256238816.00067,"2020-09-18T01:42:34.000Z","San Bernardino County, CA"
"37b2a1ab-efc7-4406-92ff-20bd6871fc91",96,1902,2514,2404,579,533,615,198,230,440,127,541,410,379,414,416,365,459,556,654,8,38,0,0,11,0,26,0,0,0,0,13,0,0,0,0,211,176,62,197,45,103,130,82,149,143,166,220,79,60,79,0,337,137,194,182,179,170,70,92,76,125,251,280,202,83,23,113,23,264,184,162,175,106,188,242,140,191,139,141,252,55,128,14,1751875530.49377,237346061.155267,"2016-08-14T01:39:31.000Z","CA Lake County Emer Services"
"3b6fc177-fa63-4ec1-88a6-1d36b4c85d3e",12,323,606,446,68,261,43,104,137,53,183,61,11,31,31,47,15,71,161,110,0,0,12,0,0,0,0,0,0,0,0,0,0,0,0,0,16,8,0,9,0,9,0,0,0,16,74,22,107,6,24,32,52,35,20,22,11,0,7,23,0,11,41,37,89,39,93,126,0,0,21,30,0,22,24,24,15,44,46,51,65,59,20,25,382285793.303711,6739632.08334619,"2020-06-11T20:12:02.000Z",",90756"
"3bc6143e-f925-4969-abdb-2127902f0e4e",7,534,1148,738,28,130,48,299,479,118,369,82,60,88,95,74,37,83,233,204,0,0,0,0,0,0,0,0,7,0,0,0,0,0,0,0,7,2,17,0,47,0,5,11,10,18,42,28,40,107,143,57,11,3,35,32,0,45,6,15,0,13,115,92,79,151,285,266,10,43,66,50,13,43,84,48,20,52,76,84,11,41,51,46,250112850.20324,13342363.3586094,"2019-10-25T17:33:16.000Z",",87701"
"3c12e9bc-d58a-48d1-9065-957a9da78387",12,1234,3384,2193,146,748,59,880,1413,100,1466,104,115,185,77,143,101,279,369,638,12,0,0,0,0,0,0,0,0,0,0,0,0,0,0,0,26,4,0,31,0,7,5,12,12,35,15,93,177,164,349,304,58,34,22,0,31,100,37,50,40,105,186,226,271,501,783,940,50,21,78,73,84,78,35,81,49,139,168,319,300,215,281,222,369936858.709359,11341069.8276843,"2020-10-06T19:03:33.000Z","San Bernardino"
"3ee05fbc-780f-466c-82a5-1de0e92ca77e",0,42,84,153,0,0,81,0,70,0,0,19,39,0,23,0,0,22,14,11,0,0,0,0,0,0,0,0,0,0,0,0,0,0,0,0,0,24,0,0,18,0,0,0,0,0,0,0,0,0,0,0,0,0,0,0,0,0,23,0,0,22,0,0,0,0,39,0,0,57,0,19,21,0,0,0,0,0,14,11,0,0,31,0,350115538.351496,11197833.3936311,"2020-09-07T21:31:20.000Z",",92527"
"41652b08-db2a-42cc-ad21-c1779ecb7351",0,153,585,555,45,189,35,79,117,16,216,55,64,57,91,68,60,45,76,80,0,0,0,0,0,0,0,0,0,0,0,0,0,0,0,0,9,0,0,0,0,25,0,0,0,0,7,0,24,24,55,9,36,28,9,7,8,0,36,8,19,11,31,51,102,47,37,155,0,7,7,48,56,32,55,60,41,34,38,29,63,8,25,52,27612352.6301025,6428284.95800146,"2020-09-07T17:21:03.000Z","Riverside County, CA"
"4749e8af-ba73-4762-88e1-47278412eda1",98,1327,1343,545,79,308,90,215,128,87,146,242,100,104,174,206,165,307,365,597,15,5,9,0,0,8,9,6,8,8,0,30,0,0,0,0,27,0,39,132,37,21,65,121,116,153,206,189,104,78,14,25,37,50,13,34,25,37,85,49,32,76,113,303,193,102,100,94,0,35,26,76,38,38,15,30,9,70,46,75,11,35,14,27,14561029.1301329,2600620.86101671,"2019-10-30T20:06:53.000Z","Riverside County, CA"
"4926ca5b-49b5-463d-89e8-a0d7cc48e987",2211,4880,891,238,156,815,140,523,211,137,77,444,679,474,773,753,625,786,910,717,28,47,22,114,424,155,306,212,129,465,160,65,29,55,0,0,110,64,90,217,88,262,437,506,478,283,670,462,640,362,181,30,9,29,16,86,141,48,0,24,9,22,54,165,146,97,16,29,9,0,9,27,26,9,30,11,9,16,26,25,0,9,14,18,556648342.638164,1120428.43477597,"2020-12-24T08:19:31.000Z",",93795"
"533954629222688",51,3109,6236,3216,189,976,139,1266,1872,163,4892,95,245,188,216,203,234,348,694,892,0,18,0,0,0,0,0,9,0,0,0,0,0,0,18,6,44,22,41,0,14,11,31,20,72,34,160,197,259,303,426,1475,66,32,38,0,96,110,108,46,72,92,279,257,451,629,1032,2928,79,67,84,95,135,67,77,128,90,222,255,438,266,334,396,483,2773963499.50325,880636227.836854,"2020-08-24T00:10:00.000Z","Santa Clara County"
"534366946075750",69,1089,1508,1638,56,502,180,171,195,205,223,231,212,221,315,257,183,331,362,660,0,0,0,0,0,0,41,26,0,2,0,0,0,0,0,0,0,42,2,113,0,70,66,86,11,102,116,240,111,40,54,36,33,84,113,46,33,95,100,10,53,79,135,234,216,93,97,87,23,54,90,72,179,56,108,135,119,148,111,186,175,38,44,100,1732494386.45869,403008540.938712,"2020-08-19T21:08:44.000Z","Lake County"
"534366946113800",92,525,673,782,142,135,106,71,51,157,54,99,127,199,60,103,73,205,246,244,0,0,0,0,0,0,15,0,19,0,43,15,0,0,0,0,13,12,18,35,72,86,10,38,20,6,39,102,61,0,13,0,71,45,48,17,35,57,18,34,24,102,44,36,31,53,26,32,58,49,91,47,20,56,17,31,10,97,120,91,43,18,12,22,3886567678.33974,718528178.783654,"2020-09-14T03:18:04.000Z","Mendocino County"
"534366946115612",0,142,226,229,89,56,28,40,6,25,10,10,27,72,0,24,13,91,43,63,0,0,0,0,0,0,0,0,0,0,0,0,0,0,0,0,3,0,18,4,11,40,0,8,13,0,16,0,29,0,0,0,39,12,1,0,16,1,0,0,0,70,27,0,14,34,6,6,47,16,6,6,0,31,0,16,0,21,0,63,13,6,0,4,2404987645.8113,236119564.937557,"2020-09-14T23:49:12.000Z","Mendocino County"
"534641824014560",210,1178,1829,1550,390,232,446,114,115,372,196,417,349,301,169,272,184,358,417,435,37,7,0,4,48,36,0,2,19,0,0,25,0,0,0,32,111,140,76,70,111,94,10,94,56,41,234,59,52,13,17,0,215,143,154,104,108,128,53,75,63,191,140,206,58,58,62,71,27,156,142,239,82,43,106,101,46,126,43,145,122,43,36,93,10571576309.2543,2334621929.88235,"2020-09-09T18:27:03.000Z","Mendocino County"
"534779262939036",0,225,268,309,46,0,0,19,75,15,73,22,61,37,0,196,42,11,13,192,0,0,0,0,0,0,0,0,0,0,0,0,0,0,0,0,0,0,0,22,0,0,0,74,0,0,13,99,0,0,17,0,46,0,15,0,0,19,0,40,15,0,0,43,0,19,58,13,0,0,0,0,61,18,0,82,27,11,0,50,0,0,0,60,296161398.239146,40913043.3017438,"2020-08-20T04:42:33.000Z","Lake County"
"534779262941947",12,371,621,830,46,271,48,43,51,124,78,84,100,128,155,77,94,192,137,206,0,0,10,0,0,0,0,0,0,2,0,0,0,0,0,0,0,0,2,28,0,32,39,12,38,34,42,46,30,40,22,6,33,10,50,10,33,57,17,10,23,73,60,74,106,3,9,53,13,38,62,46,67,39,99,55,33,83,35,86,135,0,20,19,1730455042.96969,163139277.601775,"2020-08-21T17:00:12.000Z","Lake County"
"534779262943561",0,240,494,561,33,190,103,42,11,169,11,91,95,92,96,31,56,28,71,176,0,0,0,0,0,0,0,0,0,0,0,0,0,0,0,0,0,42,0,28,0,41,24,0,0,4,40,32,18,0,11,0,33,34,85,33,33,38,0,0,23,6,22,73,74,29,0,11,0,27,84,30,62,13,72,31,33,18,9,71,98,13,0,0,374344874.173693,36806574.5811508,"2020-08-22T22:17:58.000Z","Lake County"
"534916701921684",73,267,465,471,94,75,74,35,50,102,42,39,94,82,45,53,41,104,193,153,0,0,0,0,0,0,15,0,0,0,43,15,0,0,0,0,10,0,18,4,55,8,0,28,13,0,19,74,25,0,13,0,52,45,48,17,19,51,13,15,24,48,16,33,7,19,26,32,32,29,36,18,20,23,17,10,4,56,115,31,43,16,11,10,3401212140.88753,355080879.16036,"2020-09-07T22:34:20.000Z","Lake County"
"535054140848838",91,2591,7463,3138,250,1085,169,1030,1977,26,6006,143,82,71,190,183,94,533,620,824,11,0,0,0,0,0,0,0,0,0,0,6,0,6,18,50,49,0,0,1,0,7,18,14,0,7,67,159,176,268,338,1487,82,92,17,80,59,18,87,136,30,261,336,375,502,541,1168,3679,108,77,9,62,23,46,85,33,64,265,217,284,407,215,453,790,2798571146.35525,783262815.497403,"2020-08-23T01:38:25.000Z","Alameda County"
"535054140854741",33,543,658,471,126,138,110,71,104,62,101,102,93,51,33,65,92,185,127,245,0,0,0,0,18,0,0,0,0,11,0,0,4,0,0,0,13,39,7,58,36,7,19,4,35,56,33,93,62,23,20,38,103,11,0,35,31,23,14,36,11,73,54,64,49,19,84,51,10,60,55,9,8,21,0,25,46,45,40,88,23,29,0,12,348541690.459505,6851637.30676514,"2020-08-26T22:03:15.000Z","Mendocino County"
"535054140863210",20,214,575,609,75,83,156,0,75,70,30,163,165,69,52,53,63,113,113,138,0,0,10,0,0,0,0,0,0,10,0,0,0,0,0,0,0,33,0,43,28,0,0,17,27,8,29,29,0,0,0,0,43,53,18,81,40,22,39,0,33,55,27,35,64,0,44,21,32,70,42,39,97,47,13,36,3,40,57,74,19,0,31,9,285869504.738432,669445.206645308,"2020-09-01T23:38:35.000Z","Lake County"
"535191579796089",19,334,245,422,100,30,67,29,9,101,22,91,48,70,80,70,73,71,67,92,0,0,0,0,0,0,0,0,19,0,0,0,0,0,0,0,7,18,18,54,34,44,49,28,20,11,16,28,7,0,0,0,72,13,1,2,4,24,5,19,8,28,3,23,10,21,6,6,21,36,82,35,10,2,26,23,26,32,48,41,13,8,3,16,2014466942.90976,8095070.51572042,"2020-08-19T01:19:15.000Z","Mendocino County Covelo Area of Short Creek Road and Hill Road Near Capistran Ranch"
"535191579824010",13,440,1398,1256,123,346,99,196,377,51,278,165,58,145,92,183,54,228,409,303,3,0,0,0,0,0,0,0,0,3,7,0,0,0,0,0,4,4,2,32,3,4,0,16,4,62,46,31,95,40,55,42,50,48,13,41,30,57,4,69,18,98,165,145,137,113,252,158,66,47,36,92,25,84,88,98,32,65,191,127,114,43,70,78,4153324975.09669,343232915.619622,"2020-09-08T17:17:09.000Z","Fresno County, CA"
"535329018748654",0,246,607,356,27,115,53,117,183,12,406,0,25,43,5,13,13,57,82,58,0,0,0,0,0,0,0,0,0,0,0,0,0,0,0,0,0,0,0,0,0,0,0,0,0,0,0,9,6,43,29,159,7,25,0,0,0,34,5,0,13,46,37,39,92,63,101,145,20,28,12,0,25,9,0,13,0,11,45,10,17,11,53,102,381675523.421947,20687510.4976746,"2020-08-18T21:31:25.000Z","San Francisco 162.400"
"54e071de-1c92-4e52-890a-07729ab02ef6",8,1238,1440,1253,458,170,435,54,46,354,0,409,319,255,245,258,186,186,295,269,8,0,0,0,0,0,0,0,0,0,0,0,0,0,0,0,206,147,56,197,37,71,80,46,132,81,51,88,10,4,32,0,221,85,194,126,134,148,31,64,15,51,165,92,77,37,0,0,23,203,104,86,148,36,134,148,39,54,79,89,83,13,14,0,325900505.62931,11760951.5101989,"2016-08-14T21:37:06.000Z","CA Lake County Emer Services"
"564053760020951",0,170,328,355,0,29,0,33,158,47,183,4,0,12,43,49,17,63,135,80,0,0,0,0,0,0,0,0,0,0,0,0,0,0,0,0,0,0,44,0,0,0,0,0,0,0,39,20,0,0,49,18,0,0,0,0,0,12,0,0,0,59,18,46,0,33,82,78,0,0,3,4,0,0,43,49,17,4,78,14,29,0,27,87,408976196.453277,258750.151011535,"2020-09-26T22:45:20.000Z","006083"
"564053760020988",0,170,328,355,0,29,0,33,158,47,183,4,0,12,43,49,17,63,135,80,0,0,0,0,0,0,0,0,0,0,0,0,0,0,0,0,0,0,44,0,0,0,0,0,0,0,39,20,0,0,49,18,0,0,0,0,0,12,0,0,0,59,18,46,0,33,82,78,0,0,3,4,0,0,43,49,17,4,78,14,29,0,27,87,408976196.453277,258750.151011535,"2020-09-26T23:25:35.000Z","006083"
"564191198984092",132,576,1073,898,293,101,147,103,114,251,135,229,159,127,68,170,99,173,261,249,14,7,0,4,48,0,0,2,0,0,0,25,0,0,0,32,83,9,76,18,26,34,0,67,32,8,142,16,35,13,17,0,172,49,111,36,46,55,6,52,33,109,90,135,17,49,62,51,24,82,64,171,39,38,62,49,34,56,29,73,49,41,35,52,8660290958.45774,778476829.486186,"2020-10-03T17:40:14.000Z","Mendocino County"
"564328637928868",16,492,802,832,163,162,91,52,106,79,85,88,178,162,134,62,81,206,259,234,0,7,0,0,0,0,0,6,0,0,3,0,0,0,0,0,67,9,2,13,7,83,9,23,0,42,101,94,18,0,0,24,94,22,30,18,82,32,44,26,49,65,55,96,53,37,56,43,2,53,47,57,89,47,81,7,32,99,100,44,91,15,50,18,5151362760.60817,898164669.206175,"2020-09-28T05:22:50.000Z","Humboldt County"
"564878393767672",134,847,1540,1807,274,260,316,185,294,220,253,126,308,238,226,161,264,367,503,333,0,23,0,0,9,0,15,0,0,44,43,0,0,0,0,0,17,10,31,56,116,14,31,37,127,84,42,101,37,21,58,65,160,108,75,12,65,162,29,15,47,91,139,126,123,111,139,138,97,175,114,58,118,62,151,109,90,148,279,106,100,53,97,50,1473870657.84296,131194248.84262,"2020-10-13T22:17:35.000Z","Lake County"
"565153271692451",0,310,695,374,37,132,25,130,174,0,300,12,55,46,18,36,54,8,136,216,0,0,0,0,0,0,0,0,0,0,0,0,0,0,0,0,29,0,0,0,0,0,18,0,21,8,9,74,34,27,57,33,8,0,0,0,35,4,0,25,23,0,69,81,72,74,87,217,0,25,0,12,20,42,0,11,10,0,58,61,26,29,30,50,10315478.447492,2094262.4116086,"2020-10-26T23:42:05.000Z","Orange County"
"58efbf7a-87f5-4b6b-abc3-959e3b02351a",228,6405,8434,4231,825,2195,442,1607,1878,478,1588,790,711,808,620,593,660,1413,1832,2858,40,16,7,6,20,7,7,11,0,37,60,5,12,0,0,0,330,96,194,78,92,199,130,253,293,562,725,1058,722,572,563,538,304,60,139,337,352,417,227,250,233,435,679,1237,993,720,1103,948,151,270,138,369,247,185,256,79,134,379,368,558,468,315,212,102,732843124.833878,171063620.593125,"2019-01-14T15:29:05.000Z","Riverside County, CA"
"6289055162017115162611",359,10070,16127,8625,1525,3946,1219,3276,3117,1573,2640,1305,1308,1349,1248,1102,1366,2191,3080,4936,46,0,47,0,15,8,5,43,0,29,37,59,8,58,4,0,326,200,287,295,437,361,429,394,392,604,992,1451,1305,808,1135,654,777,445,570,414,498,464,417,381,575,1008,1273,2243,2020,1985,1579,1478,376,574,669,596,358,516,397,284,399,550,778,1183,613,425,399,508,392075785.76107,40797304.2779274,"2017-12-06T00:26:11.000Z","Los Angeles CA"
"6289877820171166537",32,1386,2694,2876,225,486,131,408,828,65,3371,67,91,110,84,50,77,223,249,523,0,0,0,6,0,0,4,0,0,0,0,14,8,0,0,0,18,10,0,0,0,28,17,8,12,47,51,125,125,71,120,754,109,39,3,0,11,23,40,22,21,72,106,131,199,88,316,1514,98,82,62,61,80,59,23,20,44,104,92,253,154,249,392,1103,37392474.8164193,10030564.812359,"2017-12-06T14:53:07.000Z","Los Angeles CA"
"6471837722018221105542",175,4952,7899,4254,974,1856,683,1397,1595,878,1692,646,751,664,681,486,690,1112,1172,2003,0,0,47,0,0,20,0,0,0,0,13,70,11,0,4,10,300,89,152,147,336,175,174,175,185,316,331,701,508,387,548,428,433,282,316,257,255,202,345,177,188,455,404,766,1004,867,837,1111,241,312,363,242,160,267,162,134,317,341,424,466,333,143,206,143,57875943.7180037,31889298.4684807,"2018-03-21T17:55:42.000Z","Los Angeles CA"
"6471837802018221105631",0,799,1215,671,57,246,50,351,315,86,422,97,86,64,89,88,39,216,157,322,0,0,0,0,0,0,0,0,0,0,0,0,0,0,0,0,7,23,19,0,38,34,13,53,9,19,10,103,64,109,153,145,28,0,35,76,35,0,45,0,10,127,94,126,107,193,117,222,22,27,32,21,13,30,31,35,20,70,53,93,75,49,45,55,25893317.7343717,8766374.71647981,"2018-03-21T17:56:31.000Z","Los Angeles CA"
"672b9741-0bc7-44e0-b502-64597c307899",23,1174,1395,1018,184,300,105,363,608,105,249,70,114,90,60,94,181,191,296,600,0,0,0,0,0,0,23,0,0,0,0,0,0,0,0,0,0,15,0,0,0,0,23,52,38,8,93,397,96,219,162,71,24,36,17,20,74,47,0,18,58,113,92,133,158,123,348,134,160,54,88,50,40,43,14,24,85,70,111,70,46,21,98,44,46892391.3274258,8050389.44568689,"2020-09-09T04:01:22.000Z","San Bernardino County, CA"
"6e5d4078-0680-4a15-af69-1455120410e6",106,1930,2783,2704,638,506,771,149,268,482,94,676,538,410,429,458,401,429,610,664,8,38,0,0,11,0,26,0,0,10,0,13,0,0,0,0,211,209,62,240,73,103,120,99,149,132,195,196,63,17,61,0,371,190,194,244,219,173,95,92,109,124,258,280,199,83,67,85,48,334,226,192,235,134,188,267,143,163,157,175,244,49,140,9,580224399.197938,49525034.9649566,"2016-08-14T21:18:26.000Z","CA Lake County Emer Services"
"70963e71-ece8-415b-af70-27e4a11cdb2f",559,3602,6043,4330,958,1043,1058,690,646,845,376,1007,826,1152,569,827,628,959,1257,1693,61,62,0,129,88,0,35,10,73,0,65,0,26,0,10,0,281,127,89,172,108,249,105,81,159,267,475,646,341,211,214,77,398,500,288,376,294,403,235,372,223,336,381,763,515,346,378,235,218,369,468,330,336,500,194,364,173,356,336,284,161,133,44,64,2024343368.68736,820722808.050861,"2020-08-10T22:51:25.000Z","San Bernardino County, CA"
"74554599-de62-48f5-921a-39ec34eb5f0a",146,1114,2118,1677,431,226,615,72,194,252,40,448,479,290,356,217,235,305,446,449,41,38,10,0,21,0,26,0,0,10,0,0,0,0,0,0,130,145,30,146,61,33,87,17,113,84,135,91,10,0,32,0,201,161,64,197,165,172,84,78,79,126,208,231,137,72,122,21,59,271,148,105,232,85,159,122,43,85,103,127,79,0,40,19,442400497.689604,48159556.7745999,"2017-10-09T11:37:28.000Z","CA Lake County Sheriff's Office of Emergency Services"
"7b7adb03-72e0-411a-9087-81692d3ef3bf",12,365,690,599,68,261,124,104,207,53,183,80,50,31,54,47,15,93,175,121,0,0,12,0,0,0,0,0,0,0,0,0,0,0,0,0,16,32,0,9,18,9,0,0,0,16,74,22,107,6,24,32,52,35,20,22,11,0,30,23,0,33,41,37,89,39,132,126,0,57,21,49,21,22,24,24,15,44,60,62,65,59,51,25,732401331.655207,2275688.7871814,"2020-09-06T21:03:31.000Z",",92490"
"8075f389-c5d4-4006-9000-2ad5725de81f",228,6405,8434,4231,825,2195,442,1607,1878,478,1588,790,711,808,620,593,660,1413,1832,2858,40,16,7,6,20,7,7,11,0,37,60,5,12,0,0,0,330,96,194,78,92,199,130,253,293,562,725,1058,722,572,563,538,304,60,139,337,352,417,227,250,233,435,679,1237,993,720,1103,948,151,270,138,369,247,185,256,79,134,379,368,558,468,315,212,102,732843124.833878,159651600.682952,"2018-11-28T23:12:05.000Z","Riverside County, CA"
"8101205968807948",31,135,353,364,16,77,8,8,0,112,28,41,38,28,76,20,50,151,47,183,0,0,31,0,0,0,0,0,0,0,0,0,0,0,0,0,0,0,44,0,0,0,0,0,27,27,0,29,0,8,0,0,0,0,18,23,19,9,38,0,0,82,18,71,61,0,0,14,16,8,19,18,19,19,38,20,23,42,29,83,16,0,0,14,777007570.137706,105353557.761358,"2018-06-24T07:56:13.000Z","Lake County"
"8105604015329448",20,214,575,609,75,83,156,0,75,70,30,163,165,69,52,53,63,113,113,138,0,0,10,0,0,0,0,0,0,10,0,0,0,0,0,0,0,33,0,43,28,0,0,17,27,8,29,29,0,0,0,0,43,53,18,81,40,22,39,0,33,55,27,35,64,0,44,21,32,70,42,39,97,47,13,36,3,40,57,74,19,0,31,9,398621012.582826,23735796.6177215,"2018-06-25T22:34:35.000Z","Lake County"
"8105604015376969",32,789,1503,1206,346,235,346,213,246,88,207,65,171,175,190,48,246,171,215,568,0,21,1,0,9,0,0,1,0,0,0,0,0,0,0,0,22,0,0,24,27,81,127,17,65,52,39,161,19,62,83,10,249,127,0,37,21,30,0,9,105,30,57,239,130,128,163,178,75,198,87,4,114,64,63,21,76,89,119,168,86,23,0,19,280261314.617686,55972184.0830286,"2018-07-29T21:58:43.000Z","Lake County"
"8105604015377063",102,335,642,665,131,136,107,41,115,146,36,55,94,156,87,36,62,210,217,115,0,0,0,0,0,0,15,0,0,44,43,0,0,0,0,0,6,10,1,19,44,14,21,20,20,56,1,71,24,9,19,0,95,47,75,12,6,109,9,6,14,52,39,33,39,22,48,36,30,50,70,24,44,33,42,10,28,58,134,11,73,10,48,0,1218112454.76178,39604789.9416656,"2018-07-30T00:03:29.000Z","Lake County"
"8105604015384040",73,486,829,665,61,134,55,85,168,123,103,56,139,85,55,99,74,175,278,363,0,0,0,0,0,0,15,0,0,0,43,15,0,0,0,0,37,0,0,0,56,12,10,20,0,0,24,175,25,20,98,9,13,42,47,36,38,50,13,69,48,111,83,89,47,24,44,75,11,13,76,20,45,23,17,10,26,64,128,84,62,41,26,19,1612631325.05835,55999321.5561982,"2018-08-03T18:29:52.000Z","Lake County"
"8110002061874646",11,359,570,382,104,129,58,51,67,53,112,59,78,92,60,58,90,70,102,139,0,0,0,0,11,0,0,0,0,0,0,0,0,0,0,0,37,0,2,38,27,24,26,3,63,29,4,33,24,29,2,18,38,42,9,17,11,31,16,38,6,27,52,70,60,9,52,92,29,16,42,4,29,37,18,17,21,14,46,36,45,13,13,2,747935533.822852,23434979.6698047,"2018-07-28T03:27:35.000Z","Mendocino County"
"8110002061874666",2,334,528,215,86,137,27,30,143,42,112,38,31,66,50,40,61,54,26,136,0,0,0,0,2,0,0,0,0,0,0,0,0,0,0,0,37,0,2,17,27,24,26,3,0,30,4,33,43,17,63,8,47,21,9,17,2,23,16,29,51,23,14,77,30,0,67,102,2,6,31,4,0,19,8,8,10,1,8,26,64,13,13,2,719058569.336511,53433571.3154268,"2018-07-28T03:49:06.000Z","Mendocino County"
"8110002061876396",9,568,879,607,164,131,132,137,170,50,168,56,99,110,98,47,100,62,173,366,0,0,0,0,9,0,0,0,0,0,0,0,0,0,0,0,0,0,0,21,25,66,88,17,63,36,36,161,0,35,2,18,109,41,0,35,19,26,0,9,10,4,38,116,96,102,143,131,55,91,50,0,46,18,10,21,27,22,99,89,35,0,25,19,97129577.5685197,1304471.4967286,"2018-07-29T22:20:45.000Z","Lake County"
"8114400108374283",0,120,468,369,1,88,0,15,94,62,230,26,11,87,12,36,5,42,73,175,0,0,0,0,0,0,0,0,0,0,0,0,0,0,0,0,0,0,44,0,0,0,0,0,0,6,0,54,13,0,0,3,1,0,0,8,0,66,0,36,4,24,19,81,23,15,77,114,0,0,18,18,11,21,12,0,1,12,54,40,52,0,17,113,1107121951.01196,156161323.832402,"2018-07-18T19:40:02.000Z","006083"
"8118798154860275",10,120,292,397,29,107,27,0,0,94,14,37,37,103,55,42,27,68,41,138,0,0,10,0,0,0,0,0,0,0,0,0,0,0,0,0,0,0,0,28,0,24,0,0,27,12,0,29,0,0,0,0,22,0,50,0,0,47,14,0,0,35,30,25,55,0,0,14,7,27,34,9,37,32,41,42,0,21,11,84,52,0,0,0,502745810.793452,39095179.1019122,"2018-06-30T23:41:48.000Z","Lake County"
"86404d62-4272-4332-8dda-7ce9f7dde4e8",12,323,606,446,68,261,43,104,137,53,183,61,11,31,31,47,15,71,161,110,0,0,12,0,0,0,0,0,0,0,0,0,0,0,0,0,16,8,0,9,0,9,0,0,0,16,74,22,107,6,24,32,52,35,20,22,11,0,7,23,0,11,41,37,89,39,93,126,0,0,21,30,0,22,24,24,15,44,46,51,65,59,20,25,382285793.303711,6739632.08334619,"2020-06-11T20:16:03.000Z",",90756"
"88536bc9-4431-4171-8fd7-0f9b75abc83c",66,1071,2285,1361,428,410,111,460,769,104,453,57,184,135,67,151,73,449,309,623,0,0,0,20,5,0,0,16,0,0,0,25,0,0,0,0,46,17,0,0,88,27,0,43,14,129,140,185,73,142,143,24,203,33,83,0,22,55,0,58,23,179,59,256,224,218,519,353,179,61,21,37,69,53,67,34,36,141,110,157,113,100,107,76,734758119.447787,78586639.2017918,"2020-09-05T21:51:24.000Z","San Bernardino County, CA"
"8a12eba7-c830-4c91-953e-08e12a22efbd",55,415,1035,603,164,280,115,145,218,70,172,78,37,60,56,99,68,121,117,308,4,0,0,20,5,0,0,16,0,0,5,5,0,0,0,0,30,32,0,6,8,26,3,13,14,20,28,71,99,36,13,16,77,24,39,29,5,15,25,38,11,66,49,170,145,57,161,124,53,59,31,23,19,19,28,32,43,35,35,62,36,52,44,32,757885692.214304,69221158.0197173,"2020-08-01T18:03:56.000Z","San Bernardino County, CA"
"8fd8ac34-48c2-4444-a9b7-5fd4032e72a0",14,518,1213,767,96,269,47,294,523,48,379,26,10,78,9,86,46,66,194,341,0,0,0,0,0,0,0,0,0,12,0,0,0,2,0,0,6,45,0,9,3,5,1,52,1,6,99,76,13,132,50,20,57,0,40,3,6,27,4,9,22,42,34,89,80,100,391,309,33,2,8,14,1,46,4,25,23,6,61,176,176,60,82,50,90891947.2942502,8894732.36324997,"2019-10-25T21:01:29.000Z",",87706"
"96a03542-77eb-4a24-b56e-671f3b952e3f",228,6405,8434,4231,825,2195,442,1607,1878,478,1588,790,711,808,620,593,660,1413,1832,2858,40,16,7,6,20,7,7,11,0,37,60,5,12,0,0,0,330,96,194,78,92,199,130,253,293,562,725,1058,722,572,563,538,304,60,139,337,352,417,227,250,233,435,679,1237,993,720,1103,948,151,270,138,369,247,185,256,79,134,379,368,558,468,315,212,102,732843124.833878,159651600.682952,"2018-11-29T19:08:39.000Z","Riverside County, CA"
"9c1e8b6f-9f53-4c9d-9a06-45e9da83d726",129,1610,1939,1151,559,555,244,167,158,329,96,269,172,307,352,130,223,283,485,500,7,31,0,0,17,38,0,10,0,0,9,17,0,0,0,0,122,50,89,85,84,151,106,40,72,141,209,198,167,50,34,12,306,83,92,47,43,76,174,42,81,122,139,218,276,93,100,47,124,80,148,137,28,42,72,38,70,20,128,67,112,24,24,37,284357200.410446,67731644.6085816,"2020-08-01T17:06:10.000Z","Riverside County, CA"
"AS-CA-2d062f34-1ac7-4ecc-bf23-d1293a06364e",4,164,376,283,49,117,31,58,71,0,62,48,21,59,50,50,13,43,35,120,0,0,0,0,0,0,0,4,0,0,0,0,0,0,0,0,3,9,0,30,0,19,4,0,0,5,3,35,23,23,0,10,24,0,0,11,11,16,28,17,11,29,18,40,54,33,38,46,22,22,0,7,10,24,18,29,2,9,14,45,40,2,33,6,1804443958.68903,56873290.3328534,"2016-08-21T00:22:20.000Z","Oak Shores, Christmas Cove & South Shore Village"
"AS-CA-2f82c63e-a9c1-46bc-95bf-8c1b46a0b2e6",4,164,376,283,49,117,31,58,71,0,62,48,21,59,50,50,13,43,35,120,0,0,0,0,0,0,0,4,0,0,0,0,0,0,0,0,3,9,0,30,0,19,4,0,0,5,3,35,23,23,0,10,24,0,0,11,11,16,28,17,11,29,18,40,54,33,38,46,22,22,0,7,10,24,18,29,2,9,14,45,40,2,33,6,1804443958.68903,54658309.711547,"2016-08-22T02:50:34.000Z","BeeRock X-MasCove and OakShores Evac"
"AS-CA-3240044e-a9d8-4d72-8eb7-40d5f5e4f323",4,164,376,283,49,117,31,58,71,0,62,48,21,59,50,50,13,43,35,120,0,0,0,0,0,0,0,4,0,0,0,0,0,0,0,0,3,9,0,30,0,19,4,0,0,5,3,35,23,23,0,10,24,0,0,11,11,16,28,17,11,29,18,40,54,33,38,46,22,22,0,7,10,24,18,29,2,9,14,45,40,2,33,6,1804443958.68903,68005824.4106523,"2016-08-21T01:39:06.000Z","OakShores, Christmas Cove, Cal Shasta, RancoDelLago,&SoShoreVillage"
"AS-CA-5361ba9f-a654-4866-ad08-5e28bee0b520",0,347,708,646,111,288,0,90,85,64,186,47,31,107,43,15,11,225,103,295,0,0,0,0,0,0,0,0,0,0,0,0,0,0,0,0,64,0,7,0,0,0,12,0,0,77,8,34,89,43,0,13,14,0,15,18,13,0,0,0,0,86,62,158,95,37,63,147,33,0,42,29,18,107,31,15,11,62,33,103,104,10,22,26,2995384490.62303,6835399.28921042,"2017-07-09T22:13:15.000Z","Stone Fire Evac Area 1"
"AS-CA-8149a962-a324-4fcf-895e-18af181eef80",130,617,947,1018,104,339,59,186,231,17,475,104,134,70,66,144,44,168,216,355,46,13,0,0,49,0,0,8,0,14,0,0,0,0,0,0,0,9,0,15,0,8,10,32,0,30,52,154,127,36,52,92,58,9,0,34,39,11,24,52,35,57,41,104,147,77,54,205,0,28,17,55,46,51,32,52,9,67,123,97,65,73,125,178,17894493.2412843,6724999.12601059,"2020-06-16T01:45:38.000Z","Shell and Pismo Beach"
"AS-CA-b17a97f1-9636-432a-ad99-f2f8fa06eba0",0,347,708,646,111,288,0,90,85,64,186,47,31,107,43,15,11,225,103,295,0,0,0,0,0,0,0,0,0,0,0,0,0,0,0,0,64,0,7,0,0,0,12,0,0,77,8,34,89,43,0,13,14,0,15,18,13,0,0,0,0,86,62,158,95,37,63,147,33,0,42,29,18,107,31,15,11,62,33,103,104,10,22,26,2995384490.62303,20534371.2839606,"2017-06-27T01:12:12.000Z","Parkhill Road Fire Evac 2"
"AS-CA-e94d055d-0e60-4755-8d45-0fee2f7f7791",0,166,197,339,111,96,0,57,51,49,57,29,24,64,20,0,0,78,28,38,0,0,0,0,0,0,0,0,0,0,0,0,0,0,0,0,64,0,0,0,0,0,12,0,0,0,0,0,47,43,0,0,14,0,15,0,13,0,0,0,0,19,17,14,0,14,51,40,33,0,34,29,11,64,8,0,0,59,11,24,49,0,0,17,2774207640.60942,16736952.504491,"2017-06-27T00:45:35.000Z","ParkHill Fire Evac Orders"
"AS-NV-1410510e-fbeb-4fec-8f39-b504d707ebfc",0,99,165,132,57,30,47,46,0,3,30,27,6,29,28,8,0,23,41,21,0,0,0,0,0,0,0,0,0,0,0,0,0,0,0,0,0,35,0,0,1,0,28,0,0,12,0,0,23,0,0,0,16,0,0,27,0,19,0,8,0,2,36,8,2,26,0,21,41,12,3,0,5,10,0,0,0,9,5,13,5,20,0,9,1672281441.08595,11149033.5043174,"2019-08-21T22:42:57.000Z","Douglas "
"OnSolve-038e64e916994d6d914d337ab3cdd00e",0,7,68,52,0,6,5,26,0,9,27,0,9,7,0,0,9,13,11,5,0,0,0,0,0,0,0,0,0,0,0,0,0,0,0,0,0,0,0,0,0,0,0,0,0,0,7,0,0,0,0,0,0,0,0,0,9,0,0,0,5,13,0,5,6,15,0,15,0,5,9,0,0,7,0,0,4,0,4,0,0,11,0,12,1249379756.34659,58875128.8716581,"2020-09-21T21:48:33.000Z","CA County of Los Angeles"
"OnSolve-04086c40be124fd49d83fab99220dc36",0,145,336,477,13,180,70,114,36,59,20,0,20,51,45,60,51,54,64,121,0,0,0,0,0,0,0,0,0,0,0,0,0,0,0,0,0,0,0,0,14,0,20,11,0,6,27,26,29,12,0,0,13,22,7,0,0,0,14,0,14,10,0,52,103,55,26,20,0,48,52,0,6,51,11,49,37,38,37,43,48,47,10,0,12469298.6025271,915492.755987306,"2020-07-14T02:52:49.000Z","CA Butte County"
"OnSolve-05d19b97a2704e22b4716a210a4f7d68",11,332,539,472,103,200,87,106,39,44,122,51,29,74,35,108,45,66,121,124,0,0,0,3,0,0,0,0,0,8,0,0,0,0,0,0,0,0,0,17,8,7,0,0,0,41,66,59,41,60,31,2,103,45,7,0,3,61,25,13,0,0,11,60,65,18,8,120,0,42,37,31,18,6,10,95,45,17,44,5,94,28,0,0,2573743690.29547,79937602.3282045,"2020-08-16T19:52:06.000Z","CA Plumas County Sheriff's Office"
"OnSolve-05ed01c5c7a9485e9a0db419a44c7b6f",19,411,1376,880,112,334,11,132,136,113,108,151,116,243,164,181,140,133,311,301,0,0,0,0,19,0,0,0,0,0,0,0,0,0,0,0,0,0,0,0,0,97,0,75,85,7,23,54,70,0,0,0,100,0,52,77,35,103,96,34,47,85,156,152,130,96,105,108,12,11,61,74,62,43,68,72,8,41,132,95,134,36,31,0,665154382.618631,62901102.895872,"2020-09-18T22:46:21.000Z","CA County of Los Angeles"
"OnSolve-09d1b6df47cf44859a092f4dc7a9829b",143,3790,6288,6442,692,2047,367,1312,1788,390,2800,401,484,528,569,523,588,926,1445,1803,24,10,0,0,0,0,0,17,11,32,0,37,0,0,0,12,128,23,25,24,114,99,124,132,106,189,363,439,594,305,539,586,233,86,74,137,154,159,163,85,146,125,493,597,659,613,894,1670,307,248,291,240,216,270,282,289,325,580,589,730,794,394,355,532,94095598.5071873,15122703.3382817,"2020-09-28T12:12:52.000Z","CA Sonoma County Fire and Emergency Services Department"
"OnSolve-0b31e026275b4e35b280ef01be60cdaa",690,13098,19327,13901,1223,5191,1502,4034,4780,1337,4572,1362,1638,1520,1732,1767,1383,3121,4589,7265,56,75,45,63,26,33,62,29,0,0,63,151,28,59,0,0,270,229,340,229,556,365,370,312,438,1138,1217,2423,1512,1159,1367,1173,389,364,554,411,395,538,749,684,465,1163,1733,2876,2421,1853,2369,2363,508,834,398,659,661,584,551,742,480,820,1576,1815,1230,963,1044,1036,1031605687.90711,422060888.98426,"2019-10-27T11:04:04.000Z","CA Sonoma County Fire and Emergency Services Department"
"OnSolve-0b92efa82672476ba5620a62a427339d",44,493,859,1275,102,266,148,153,100,165,80,135,89,133,185,152,160,167,257,379,0,0,16,10,0,0,7,11,0,0,0,0,0,0,0,0,0,18,0,0,14,50,66,11,24,6,82,140,48,12,0,22,55,42,42,62,9,20,32,26,16,66,68,82,115,94,82,48,47,88,107,63,66,63,80,104,120,95,107,157,103,47,18,10,187482218.587255,17704849.0716096,"2019-09-08T02:07:53.000Z","CA Butte County"
"OnSolve-0c28d3e191734365b21ec1f5035c032e",76,819,861,431,76,206,75,198,277,49,280,68,92,15,93,40,106,171,183,258,25,8,0,0,0,0,0,0,0,0,0,13,17,5,8,0,8,22,39,55,26,0,39,29,47,24,124,99,106,53,97,51,36,33,0,7,52,8,32,0,49,121,47,90,70,77,113,126,7,12,10,6,14,7,22,11,10,26,12,56,13,63,59,103,819442851.179583,872008.819221784,"2020-08-13T23:28:15.000Z","CA County of Los Angeles"
"OnSolve-0ecbdef5618b4cb78acf93d7c886d324",10,547,1505,1221,160,319,61,221,407,51,626,83,62,103,171,77,57,178,285,422,0,0,0,0,0,0,0,0,0,0,0,10,0,0,0,0,13,4,0,0,13,12,65,23,14,51,95,69,30,59,40,59,88,14,8,56,16,49,72,30,27,84,75,91,184,78,295,338,59,43,43,27,33,42,34,24,16,43,115,252,105,84,72,229,349961133.856372,11661710.2286056,"2020-08-22T19:21:07.000Z","CA Sonoma County Fire and Emergency Services Department"
"OnSolve-113b0d3acd2b4b5e9a9b7a2888e32d7f",18,53,148,357,18,40,12,44,48,0,19,22,26,1,9,0,44,81,130,82,7,0,0,0,0,0,0,0,10,1,0,0,0,0,0,0,1,0,0,0,0,1,0,0,0,11,28,0,0,12,0,0,10,0,0,4,8,0,9,0,8,67,28,9,5,0,0,0,0,12,0,18,18,0,0,0,26,2,74,73,35,32,48,19,2099416356.56309,47331292.2305837,"2018-09-06T22:41:04.000Z","CA Mono County Sheriff's Office"
"OnSolve-11bfdcb9f13d47258f5b2728c2ec468f",3,175,292,251,25,202,25,12,34,63,32,31,55,39,26,28,10,29,66,44,0,0,0,0,0,0,0,3,0,0,0,0,0,0,0,0,1,1,36,10,2,1,11,4,0,2,39,16,52,0,0,0,3,3,0,11,25,11,1,1,0,17,17,7,128,12,34,22,21,21,27,10,28,27,14,20,10,10,10,21,22,0,0,10,104005938.960374,5369251.92828099,"2020-06-30T23:15:47.000Z","CA Butte County"
"OnSolve-121857ee0dce483fa43f7b9d7b7bf9af",1054,17648,20435,12232,1877,5545,2033,3784,4848,1860,3789,1371,1740,1784,1941,2048,1955,3959,5394,7441,172,64,130,18,38,44,59,78,92,16,76,174,24,69,0,0,534,403,408,215,592,633,637,697,676,1711,1897,3073,1920,1433,1682,1137,602,683,685,410,344,578,685,806,646,1440,1865,3049,2708,1637,2348,1949,569,883,637,728,766,529,560,467,541,792,1556,1145,893,645,818,703,232362774.713555,135297468.643108,"2019-10-27T11:35:50.000Z","CA Sonoma County Fire and Emergency Services Department"
"OnSolve-14ea68ca434245909498b3d3f476a8b5",217,5421,9064,7247,690,2483,645,1898,2628,668,3223,697,701,623,573,641,660,1145,1676,2998,15,15,14,3,0,9,0,0,37,0,32,92,0,0,0,0,156,77,112,79,170,142,142,131,151,347,408,874,707,625,777,523,249,219,114,255,169,157,207,190,207,359,578,1155,1243,839,1298,1825,270,334,428,360,362,315,224,320,265,439,658,877,533,434,553,875,1875856693.50882,630763413.229664,"2019-10-26T17:33:34.000Z","CA Sonoma County Fire and Emergency Services Department"
"OnSolve-1542ace9606b46749dd91f3a273b816e",31,509,982,1029,92,278,132,176,218,102,382,41,73,67,101,120,23,273,238,235,0,0,0,0,0,0,0,0,0,0,31,0,0,0,0,0,0,0,12,0,33,0,0,15,12,81,29,45,79,33,69,101,31,26,36,31,0,19,33,55,11,123,41,69,114,71,92,230,61,106,54,10,40,48,68,50,0,69,137,121,85,72,57,51,46454271.5482928,12717436.5536321,"2020-08-22T18:36:35.000Z","CA Sonoma County Fire and Emergency Services Department"
"OnSolve-163cf910df7442499f6b8bf73f3ed357",4,517,864,688,82,144,72,139,124,52,332,88,117,108,103,52,49,155,246,210,0,0,0,0,0,0,0,2,0,2,0,0,0,0,0,0,15,50,0,19,13,9,60,11,14,66,75,65,11,52,11,46,39,14,8,56,70,36,34,33,22,55,40,41,115,48,76,177,28,8,44,13,34,63,9,6,13,32,131,104,18,39,37,109,188618195.795829,12300448.4082166,"2020-08-22T18:45:27.000Z","CA Sonoma County Fire and Emergency Services Department"
"OnSolve-16f4471fe5b242cc9185ad8abd716568",17,39,84,169,17,15,10,0,48,0,19,18,26,0,9,0,41,28,56,22,7,0,0,0,0,0,0,0,10,0,0,0,0,0,0,0,0,0,0,0,0,0,0,0,0,11,28,0,0,0,0,0,10,0,0,0,8,0,9,0,7,17,28,0,5,0,0,0,0,10,0,18,18,0,0,0,24,0,0,22,10,0,48,19,433024094.986928,1019341.92809926,"2019-07-23T23:37:34.000Z","CA Mono County Sheriff's Office"
"OnSolve-18775f3c65bf46039c55150524919662",690,13098,19327,13901,1223,5191,1502,4034,4780,1337,4572,1362,1638,1520,1732,1767,1383,3121,4589,7265,56,75,45,63,26,33,62,29,0,0,63,151,28,59,0,0,270,229,340,229,556,365,370,312,438,1138,1217,2423,1512,1159,1367,1173,389,364,554,411,395,538,749,684,465,1163,1733,2876,2421,1853,2369,2363,508,834,398,659,661,584,551,742,480,820,1576,1815,1230,963,1044,1036,1031605687.90711,422060888.98426,"2019-10-27T06:17:59.000Z","CA Sonoma County Fire and Emergency Services Department"
"OnSolve-194c59e45f8e4fa5a7db11329bdc02f6",0,228,483,340,102,140,87,85,39,39,120,17,14,59,35,95,35,31,90,63,0,0,0,0,0,0,0,0,0,0,0,0,0,0,0,0,0,0,0,17,0,7,0,0,0,31,44,5,41,52,31,0,102,45,7,0,0,52,25,0,0,0,11,58,37,18,8,120,0,42,32,0,14,0,10,95,35,0,35,0,62,15,0,0,2159253708.71872,33558644.175858,"2020-08-15T20:58:10.000Z","CA Plumas County Sheriff's Office"
"OnSolve-19c09f2044dc4518aadaa6858099cc23",36,623,1302,1280,140,287,194,195,266,128,408,92,77,143,151,109,88,205,430,328,0,0,0,0,0,32,0,2,0,2,0,0,0,0,0,0,15,71,31,26,13,13,19,0,0,72,89,69,42,39,100,24,73,36,22,33,16,50,91,60,30,73,129,100,128,82,110,269,52,87,75,33,48,48,41,47,58,58,212,159,117,74,56,115,1199129922.20548,171409488.628303,"2020-08-18T20:40:27.000Z","CA Sonoma County Fire and Emergency Services Department"
"OnSolve-19e6b86015d745c18d53fe2bccba77ab",44,758,1641,1677,279,263,293,164,118,329,170,308,219,200,251,196,176,268,413,473,0,0,16,10,0,0,7,11,0,0,0,0,0,0,0,0,56,30,11,20,22,78,69,30,24,15,96,210,25,32,9,31,131,172,143,118,75,79,41,72,41,96,122,87,149,106,99,110,92,91,159,160,122,43,134,83,111,157,195,176,89,26,10,29,1374226928.77448,871616901.292549,"2020-09-08T22:15:50.000Z","CA Butte County"
"OnSolve-1a2d38df80454950bc428ff49048410c",0,235,374,286,128,81,46,41,25,38,226,9,35,33,0,40,0,92,58,43,0,0,0,0,0,0,0,0,0,0,0,0,0,0,0,0,103,0,38,0,10,16,0,0,0,0,30,11,0,11,0,16,25,46,0,0,25,0,0,9,0,0,0,24,56,30,25,134,0,0,0,9,0,17,0,31,0,92,28,8,25,0,0,76,576174581.638671,69447344.9824255,"2020-08-21T17:26:08.000Z","CA Butte County"
"OnSolve-1aa7e293a8064c35b85cd7d50e85110c",0,228,483,340,102,140,87,85,39,39,120,17,14,59,35,95,35,31,90,63,0,0,0,0,0,0,0,0,0,0,0,0,0,0,0,0,0,0,0,17,0,7,0,0,0,31,44,5,41,52,31,0,102,45,7,0,0,52,25,0,0,0,11,58,37,18,8,120,0,42,32,0,14,0,10,95,35,0,35,0,62,15,0,0,2159253708.71872,97151797.1196253,"2020-11-17T19:54:15.000Z","CA Plumas County Sheriff's Office"
"OnSolve-1aef4c37d08f450e8b8a084e4c3ded96",0,158,176,334,38,18,0,115,44,101,111,0,0,48,0,53,21,0,77,42,0,0,0,0,0,0,0,0,0,0,0,0,0,0,0,0,0,0,32,0,0,0,0,0,0,0,43,19,0,28,16,20,20,0,0,0,0,0,0,0,21,0,0,23,0,49,10,53,18,0,69,0,0,48,0,53,0,0,34,0,18,38,18,38,17425691.5428668,631546.115692695,"2018-11-30T01:00:30.000Z","CA Butte County"
"OnSolve-211c6aa5447b41289e23e31c6d8b84c1",0,192,609,553,84,66,71,99,2,127,55,139,40,42,90,17,76,114,173,159,0,0,0,0,0,0,0,0,0,0,0,0,0,0,0,0,5,6,0,31,0,0,23,6,0,0,0,71,0,20,0,30,60,58,66,37,11,26,4,0,71,39,75,64,15,56,2,25,19,7,61,71,29,16,63,11,5,75,98,24,51,23,0,0,2564102768.96549,334972567.496697,"2020-09-09T17:18:55.000Z","CA Plumas County Sheriff's Office"
"OnSolve-21f2ce86185c4f949524d97ac7e9aa0a",1046,13661,19263,17614,2139,5456,1904,4005,4913,1580,5757,1278,1561,1660,1819,1812,1893,3677,5194,6936,199,41,108,7,9,35,44,86,92,104,54,151,35,69,0,12,368,381,274,150,315,448,511,472,663,1296,1260,2198,1595,1159,1350,1221,706,545,410,461,330,443,572,607,520,982,1751,2550,2249,1713,2389,3035,866,937,788,660,907,734,692,647,618,1295,2129,2037,1577,1064,1174,1489,932388439.280589,338860616.550822,"2019-10-27T06:20:58.000Z","CA Sonoma County Fire and Emergency Services Department"
"OnSolve-22c179325a6241239d67cbd29d38b2d5",0,25,199,280,40,12,11,55,60,30,19,43,53,17,59,19,0,12,10,64,0,0,0,0,0,0,0,0,0,0,0,0,0,0,0,0,0,0,0,0,0,0,0,0,0,7,4,14,0,0,0,0,28,0,0,10,0,0,11,11,0,0,6,11,12,47,44,19,12,11,30,33,53,17,48,8,0,5,0,39,0,8,16,0,467040848.305074,103769701.883173,"2020-09-19T20:10:24.000Z","CA County of Los Angeles"
"OnSolve-2308d6c4c68a4b2e8296b2ddd027a840",0,172,297,465,45,52,41,103,19,62,27,80,34,8,49,31,10,107,120,146,0,0,0,0,0,0,0,0,0,0,0,0,0,0,0,0,1,6,0,0,5,0,23,0,0,0,8,90,6,33,0,0,44,28,9,17,5,0,4,0,10,39,35,20,5,52,2,27,0,7,53,63,24,8,22,31,0,68,77,36,41,18,17,0,2317653946.93327,325152801.896137,"2020-09-08T18:54:17.000Z","CA Plumas County Sheriff's Office"
"OnSolve-243210b7c08f4197b769f6e8754348e0",121,1739,2886,3334,374,874,590,352,352,453,235,479,491,365,403,403,354,723,782,850,16,0,16,10,0,0,7,72,0,0,0,0,0,0,0,0,49,48,63,45,115,63,130,26,79,140,279,299,243,51,84,25,166,240,102,215,139,115,60,38,58,244,240,272,405,201,229,162,143,302,272,209,237,187,206,267,217,339,263,279,226,100,39,48,1003727776.86739,147894932.123562,"2020-09-09T03:39:16.000Z","CA Butte County"
"OnSolve-2512bf7fe3244ea8a499fa1a56d3bd3f",81,665,1025,1209,113,337,133,202,161,96,60,185,109,61,235,150,198,223,314,403,0,0,15,0,0,0,66,0,0,0,0,0,0,0,0,0,6,7,0,0,40,18,26,23,27,6,52,179,164,33,84,0,100,79,12,72,16,13,67,29,91,84,105,74,72,138,36,37,7,47,69,113,53,30,76,98,80,133,157,150,101,31,41,23,2985788998.22892,624406917.861635,"2020-08-20T22:17:33.000Z","CA Plumas County Sheriff's Office"
"OnSolve-268a3c1cbc2a4e2a83761b758def1b78",45,1318,2963,2614,367,840,116,614,660,97,1510,300,206,152,222,188,203,326,577,562,21,0,0,0,0,0,0,0,0,12,0,0,0,0,0,12,63,0,25,0,13,24,63,59,82,51,160,158,127,115,141,237,144,11,0,110,123,27,85,33,13,78,195,165,346,293,392,948,139,105,72,190,70,101,74,96,108,185,222,239,367,206,127,313,58709964.0551559,3859120.93011737,"2020-09-28T07:10:15.000Z","CA Sonoma County Fire and Emergency Services Department"
"OnSolve-2fd75430cff84aa0846e9a376a09b398",143,1162,2860,2469,392,380,482,236,144,375,381,285,331,318,322,258,394,605,726,1005,0,0,41,0,2,0,0,0,0,84,16,0,0,0,0,0,139,0,62,32,25,81,13,57,44,74,226,220,34,16,56,83,160,253,113,102,182,127,104,75,166,211,295,414,219,144,81,214,93,229,159,151,122,110,205,126,184,236,189,371,127,76,7,84,1569318048.89663,142992247.20689,"2020-09-28T05:14:34.000Z","CA Butte County"
"OnSolve-311e6703520e4544a0a23897205b37d5",10,278,599,481,80,207,41,116,98,48,19,21,28,36,71,94,141,61,139,168,0,0,0,10,0,0,0,0,0,0,0,0,0,0,0,0,0,0,17,0,0,18,0,0,27,7,31,26,80,0,72,0,80,41,0,0,11,9,23,19,59,24,51,98,57,94,14,19,0,0,31,11,17,9,48,75,55,30,57,44,70,22,12,0,471064210.557153,4564973.57944483,"2020-08-23T23:08:25.000Z","CA Plumas County Sheriff's Office"
"OnSolve-34d3754a0daf4afa9d8ac9dd75727feb",497,8698,15770,13207,1296,3953,1500,3280,4026,1422,5089,1074,1268,1182,1221,1264,1044,2263,3406,4884,53,80,14,25,0,57,0,26,37,26,72,107,0,0,0,0,203,280,249,142,261,218,244,252,256,604,786,1262,1060,962,1086,833,485,453,438,362,193,359,497,496,422,790,1110,1854,1820,1521,2047,2923,555,687,721,545,814,548,480,490,329,843,1438,1661,1073,797,893,1333,3256718248.03443,1082383419.42326,"2019-02-26T23:39:38.000Z","CA Sonoma County Fire and Emergency Services Department"
"OnSolve-352ad599fd1b48b6a4e818779b93f974",0,630,934,716,58,223,22,198,222,52,253,92,118,78,105,127,78,124,270,260,0,0,0,0,0,0,0,0,0,0,0,0,0,0,0,0,12,4,0,0,27,9,60,11,56,31,68,51,86,89,87,39,4,10,8,56,70,15,45,20,22,68,85,78,130,65,120,138,42,8,44,36,21,54,0,96,0,25,117,131,7,44,15,76,137500524.983708,8686519.94856512,"2020-08-22T18:32:02.000Z","CA Sonoma County Fire and Emergency Services Department"
"OnSolve-35853ffe87d341ee9f2263feff89a6ec",28,419,1702,1296,278,251,214,289,32,213,274,177,303,114,179,132,94,110,302,483,0,0,0,0,0,0,0,0,0,0,0,0,0,28,0,0,34,0,7,14,46,2,0,18,17,33,84,57,22,64,9,12,192,146,73,58,114,29,15,54,53,34,91,284,216,115,23,205,52,68,133,105,143,83,164,60,24,43,127,142,13,82,0,57,522215651.949983,71039098.8226077,"2020-09-28T05:40:29.000Z","CA Butte County"
"OnSolve-3b867f097ef04d33b61129be34fcbe0d",41,270,632,449,102,104,36,114,47,48,136,40,24,63,81,77,105,104,186,125,0,0,0,0,0,0,0,0,26,0,0,0,0,0,15,0,0,0,8,0,0,0,0,23,9,64,44,47,0,52,23,0,102,0,27,0,0,52,53,0,35,20,67,78,62,22,9,105,0,36,13,40,24,11,28,54,35,20,75,0,42,40,0,31,2602074499.90876,79945847.0229228,"2019-09-08T05:43:22.000Z","CA Lassen County Sheriffs Office"
"OnSolve-3f496009c5244cbf9605948b038de4c2",13,730,1324,1162,133,335,244,239,270,188,261,87,215,75,38,88,87,196,406,367,0,0,0,0,0,0,0,2,0,2,9,0,0,0,0,0,22,78,22,19,65,9,0,15,31,83,52,88,101,68,64,13,66,91,44,55,59,14,18,68,25,55,126,144,157,94,165,143,45,75,122,13,91,52,20,3,31,56,219,135,77,77,41,105,178566373.41825,11319998.1664349,"2020-08-22T18:34:46.000Z","CA Sonoma County Fire and Emergency Services Department"
"OnSolve-419dfa4c989548cd8b2c4ee147c90152",574,10066,17955,15255,1477,4506,1643,4025,4697,1445,6153,1112,1401,1404,1402,1443,1221,2645,3854,5422,53,80,54,25,0,69,0,19,37,26,43,109,0,59,0,0,193,287,245,142,342,220,311,249,327,865,851,1481,1078,1216,1237,1022,532,506,444,375,198,470,592,606,489,797,1333,2024,1980,1814,2315,3480,699,770,702,570,861,645,499,569,368,957,1627,1808,1448,936,1145,1651,3135111001.03361,1287422171.54919,"2019-10-27T00:52:28.000Z","CA Sonoma County Fire and Emergency Services Department"
"OnSolve-420ca15bc3e74bb7ba2aae320108bc73",0,7,24,18,0,0,0,17,0,4,0,0,9,7,0,0,5,0,7,0,0,0,0,0,0,0,0,0,0,0,0,0,0,0,0,0,0,0,0,0,0,0,0,0,0,0,7,0,0,0,0,0,0,0,0,0,9,0,0,0,5,0,0,0,0,10,0,0,0,0,4,0,0,7,0,0,0,0,0,0,0,7,0,0,805945373.572033,31044991.5132652,"2020-09-18T17:36:26.000Z","CA County of Los Angeles"
"OnSolve-4300f1490d78480a9ad91284dddfb74a",2,139,306,290,47,57,11,19,38,26,30,83,18,60,18,45,59,22,80,124,2,0,0,0,0,0,0,0,0,0,0,0,0,0,0,0,3,0,0,25,0,0,0,10,0,0,3,52,0,0,16,30,7,11,25,15,0,12,0,8,52,22,55,43,34,0,22,0,35,0,1,43,18,48,18,27,7,0,22,29,23,19,0,0,1799452908.58646,68052929.4844893,"2020-08-20T16:45:55.000Z","CA Plumas County Sheriff's Office"
"OnSolve-43918197e59947e08badbf3f3a1411b7",0,51,204,107,42,5,49,26,28,39,66,37,12,0,5,5,4,0,21,23,0,0,0,0,0,0,0,0,0,0,0,0,0,0,0,0,0,0,0,7,0,0,0,0,0,0,5,4,0,21,9,5,6,44,23,19,12,0,0,5,4,0,6,0,0,5,19,61,36,5,16,11,0,0,5,0,0,0,10,19,5,0,0,0,58360473.6481173,2799557.10962392,"2020-08-15T00:30:08.000Z","CA Butte County"
"OnSolve-48bf81889a4e48c8aa4785421f4d4f76",600,5446,9859,9563,1686,1714,1667,1274,993,1573,1190,1391,1635,1097,1196,857,1179,2161,2534,3321,35,72,57,94,58,71,7,11,6,125,36,0,0,28,0,0,392,125,255,214,289,256,213,139,287,548,792,817,394,166,315,244,789,720,447,373,641,328,233,224,423,746,838,1318,754,767,541,717,470,750,814,710,647,442,743,483,463,742,868,1186,566,313,137,229,4371355325.86554,1560821232.86509,"2018-11-28T03:25:41.000Z","CA Butte County"
"OnSolve-4900faf097e24e7ca9998363c4164e10",497,8698,15770,13207,1296,3953,1500,3280,4026,1422,5089,1074,1268,1182,1221,1264,1044,2263,3406,4884,53,80,14,25,0,57,0,26,37,26,72,107,0,0,0,0,203,280,249,142,261,218,244,252,256,604,786,1262,1060,962,1086,833,485,453,438,362,193,359,497,496,422,790,1110,1854,1820,1521,2047,2923,555,687,721,545,814,548,480,490,329,843,1438,1661,1073,797,893,1333,3256718248.03443,1082383419.42326,"2019-02-26T23:40:48.000Z","CA Sonoma County Fire and Emergency Services Department"
"OnSolve-4afac971b56d4a0db5918f873a98eb28",121,2543,3669,4228,384,1225,331,708,1158,265,1266,228,407,467,372,412,382,620,1068,1268,0,0,0,0,0,14,0,17,11,6,0,73,0,0,0,0,57,11,0,24,101,49,76,117,86,145,326,315,509,149,252,326,116,97,44,95,137,157,161,54,45,91,332,394,304,325,666,651,211,223,221,109,169,247,135,224,240,378,410,486,412,234,240,289,43588517.7514733,11704239.2533668,"2020-09-28T06:27:22.000Z","CA Sonoma County Fire and Emergency Services Department"
"OnSolve-4dbaf94b2ef14edfb8600ce8b86e4738",298,6293,10823,8299,789,2781,775,2472,3272,632,3801,594,803,719,610,884,653,1428,2146,3354,0,15,34,0,0,9,0,19,37,2,63,119,0,0,0,0,133,169,72,68,202,139,149,165,194,524,550,922,690,794,849,673,286,210,114,190,132,189,286,393,219,415,699,1303,1362,1064,1754,2207,370,381,412,336,469,382,175,307,203,487,834,1010,729,614,669,921,894821231.593012,274250350.37544,"2019-10-27T10:41:44.000Z","CA Sonoma County Fire and Emergency Services Department"
"OnSolve-4f9d8f93c08c4589817899561fdc532d",102,827,1573,1577,223,223,250,120,283,223,495,86,116,200,149,190,204,487,314,516,0,12,0,0,0,0,0,0,6,84,0,0,0,0,0,0,83,3,74,16,0,42,14,47,80,22,60,113,38,0,90,145,110,110,0,51,93,91,55,32,40,177,104,159,104,87,119,241,30,125,149,19,23,67,80,111,78,204,150,244,81,33,74,109,421805163.176972,29658861.4103916,"2018-11-29T23:51:12.000Z","CA Butte County"
"OnSolve-5133507168c94868ab253a0c9dbe7bac",78,726,797,508,180,185,131,71,58,148,41,110,172,107,68,58,124,263,189,204,0,0,0,0,14,23,0,0,0,41,0,0,0,0,0,0,70,32,49,38,89,26,7,0,20,134,62,66,49,27,50,7,96,74,61,43,27,41,11,43,55,28,92,63,108,44,8,3,14,25,38,29,42,17,50,15,49,60,35,75,28,0,0,31,148241357.716996,4593373.13651014,"2020-08-18T00:54:22.000Z","CA Butte County"
"OnSolve-51e2a9ad85ed4aa285181dd3c919a8ca",37,439,388,434,60,71,63,60,50,121,19,54,134,48,36,15,119,166,134,148,0,0,0,0,14,23,0,0,0,0,0,0,0,0,0,0,0,30,10,8,54,17,0,0,20,86,63,40,33,21,50,7,46,21,52,0,29,0,0,15,50,31,51,41,13,39,0,0,14,12,59,46,37,8,36,0,49,49,20,67,25,0,0,12,9147486.38453434,161101.362773479,"2020-10-22T21:41:42.000Z","CA Butte County"
"OnSolve-52417ca58401413fa3cc579ae1350b61",3,486,793,941,47,421,100,100,168,118,74,49,66,122,116,120,109,110,229,274,0,0,0,0,0,0,0,3,0,0,0,0,0,0,0,0,1,1,36,10,2,1,57,25,11,8,107,89,91,12,22,13,16,20,24,11,36,11,24,1,8,37,17,107,250,44,136,51,30,79,58,28,28,110,35,91,90,65,105,78,80,44,10,10,129428806.789336,8796645.33524049,"2019-09-08T21:12:35.000Z","CA Butte County"
"OnSolve-528b5d11dfe8425187ca51986ae7cc42",12,205,573,638,99,165,0,131,88,45,27,45,46,41,52,119,82,68,195,225,2,0,0,10,0,0,0,0,0,0,0,0,0,0,0,0,3,0,17,0,0,0,0,10,0,7,18,78,0,20,52,0,69,0,2,0,11,9,10,15,29,61,59,79,96,70,36,27,25,0,26,35,35,32,42,94,53,0,118,68,69,41,0,0,2681650596.65202,146081249.147914,"2020-08-21T23:31:40.000Z","CA Plumas County Sheriff's Office"
"OnSolve-58434af83eaf432f8d88a50a62990036",0,145,192,97,0,38,0,24,0,0,35,0,66,15,20,0,17,39,82,98,0,0,0,0,0,0,0,0,0,0,0,0,0,0,0,0,0,0,0,0,0,0,0,0,0,0,66,23,21,0,0,35,0,0,0,0,9,15,20,0,17,14,16,60,17,24,0,0,0,0,0,0,57,0,0,0,0,25,0,15,0,0,0,0,217611950.665183,3189853.06740108,"2019-02-14T17:17:59.000Z","CA Butte County"
"OnSolve-5a8444afcd274505b7c508a3801a0386",0,255,381,405,32,75,9,100,115,21,233,35,50,9,22,31,23,100,79,107,0,0,0,0,0,0,0,0,0,0,0,0,0,0,0,0,0,0,0,0,0,0,0,0,13,63,0,46,16,21,70,26,32,0,0,0,35,0,0,24,0,0,52,11,23,50,12,142,0,9,21,35,15,9,22,7,10,37,27,50,36,29,33,65,157878691.054164,5498209.1720964,"2018-06-05T20:39:20.000Z","CA Sonoma County Fire and Emergency Services Department"
"OnSolve-5a99f5178e824b8a8af8ce1f0237c75b",67,429,603,583,223,98,130,35,61,52,19,66,100,107,54,86,61,130,159,301,0,0,11,0,0,0,0,29,0,0,27,0,0,0,0,0,10,20,0,0,15,23,12,32,0,81,25,150,11,11,39,0,99,50,14,7,36,66,10,10,32,14,50,110,60,14,22,9,114,60,27,59,49,18,32,15,29,35,57,41,27,10,0,10,53908578.7433579,5309891.43208212,"2018-07-27T04:44:21.000Z","CA Shasta Area Safety Communications Agency (SHASCOM)"
"OnSolve-5b8cf1679aed493b87b5be11001870a3",22,229,345,319,85,59,24,55,49,64,21,0,35,31,63,67,52,97,150,63,22,0,0,0,0,0,0,0,0,0,0,0,0,0,0,0,0,0,59,0,0,21,31,0,0,15,21,26,0,20,36,0,63,14,0,0,11,0,10,0,17,82,31,10,38,35,13,21,0,10,5,0,24,10,22,67,35,0,98,27,21,0,0,0,1240263631.54917,77259220.4414059,"2020-09-17T16:09:01.000Z","CA Plumas County Sheriff's Office"
"OnSolve-5ccb10a6306b47b6a86a80c70e17a881",49,773,1630,1491,166,362,202,254,336,159,533,142,86,146,186,140,94,255,451,431,0,0,0,3,0,32,0,2,0,2,0,10,0,0,0,0,27,71,43,26,13,16,24,14,0,87,89,79,65,65,127,27,87,36,22,80,16,50,109,73,33,96,150,140,157,109,139,333,52,95,94,33,57,48,53,51,61,70,212,202,140,80,70,173,1303793302.96068,252959546.393204,"2020-08-19T02:20:10.000Z","CA Sonoma County Fire and Emergency Services Department"
"OnSolve-5db0fa419d42405693a83b6c4eb9372e",6,73,91,70,28,4,36,11,5,22,0,21,16,2,0,34,6,28,11,16,2,0,0,4,0,0,0,0,0,0,0,0,0,0,0,0,6,0,8,14,2,2,0,24,0,2,3,0,1,6,5,0,20,18,1,3,9,0,0,4,0,11,3,14,3,5,0,0,0,18,13,0,5,0,0,6,6,15,5,2,0,0,0,0,1214217131.37591,40946011.0078386,"2020-08-19T13:23:06.000Z","CA Glenn County Sheriff"
"OnSolve-5fc6432dbdcb421fafe1b55f36379fd0",294,5242,8938,10600,970,2885,653,1936,2478,695,3959,590,740,864,706,873,925,1598,2431,2771,88,10,7,0,9,12,0,42,11,32,22,42,0,7,0,12,119,103,70,8,68,206,176,186,221,434,536,701,728,477,557,652,341,178,139,218,188,222,199,306,258,282,649,810,988,805,1207,2148,422,362,479,364,475,424,331,339,435,850,1224,1218,1169,647,714,1147,708114121.723117,220080876.255321,"2019-10-27T11:08:05.000Z","CA Sonoma County Fire and Emergency Services Department"
"OnSolve-61eabd8b2ee343caa208b7ffbd32045f",25,433,659,866,114,152,155,79,56,157,40,162,131,118,73,91,104,191,91,269,0,0,15,10,0,0,0,0,0,0,0,0,0,0,0,0,23,31,4,0,0,76,23,41,2,10,10,146,54,0,0,13,65,65,30,79,42,19,23,17,19,58,7,52,51,58,50,24,26,59,108,73,89,23,27,33,83,123,74,71,47,21,6,3,933605931.134855,300728571.348018,"2020-09-08T19:52:01.000Z","CA Butte County"
"OnSolve-62a62704aaf544648c74b459b14aa08c",0,55,203,60,16,9,11,0,0,23,30,48,0,28,9,8,52,0,41,43,0,0,0,0,0,0,0,0,0,0,0,0,0,0,0,0,0,0,0,25,0,0,0,0,0,0,0,0,0,0,0,30,6,11,23,15,0,12,0,0,52,0,41,43,0,0,0,0,10,0,0,8,0,16,9,8,0,0,0,0,9,0,0,0,720178267.319577,40976492.1250748,"2020-09-09T18:05:40.000Z","CA Plumas County Sheriff's Office"
"OnSolve-62b4f7f019814c158b4be39f97f7440a",58,289,442,392,52,149,66,59,84,11,0,20,56,37,149,63,150,52,117,116,0,0,0,0,0,0,58,0,0,0,0,0,0,0,0,0,0,0,0,0,35,18,0,0,27,0,31,26,80,0,72,0,52,41,0,0,11,10,43,12,79,22,47,33,33,59,0,0,0,25,11,20,10,9,48,51,44,30,39,57,36,0,12,0,99782113.7893445,1530767.83699899,"2020-08-20T23:46:46.000Z","CA Plumas County Sheriff's Office"
"OnSolve-687a170416804ba2b344fb37bd2ccc79",24,254,1060,3416,142,511,108,275,448,283,607,121,102,176,178,146,159,432,481,585,0,0,0,0,0,0,24,0,0,0,0,0,0,0,0,0,0,0,0,8,0,9,12,0,0,0,0,32,0,36,65,92,39,56,99,0,9,0,34,0,0,49,48,64,148,69,142,303,103,52,184,113,93,167,108,146,159,383,433,489,363,170,241,212,180917073.451249,14263735.1905926,"2020-09-28T05:30:02.000Z","CA Sonoma County Fire and Emergency Services Department"
"OnSolve-6a2bcb0029f1473da04faf0ad38610fd",19,302,931,619,88,233,11,75,96,101,13,138,116,166,120,145,140,16,206,207,0,0,0,0,19,0,0,0,0,0,0,0,0,0,0,0,0,0,0,0,0,97,0,59,85,0,19,26,16,0,0,0,88,0,52,64,35,51,59,22,47,16,121,117,90,75,81,13,0,11,49,74,62,18,61,64,8,0,66,64,127,0,15,0,346969059.180654,4054229.62636329,"2020-09-19T02:56:29.000Z","CA County of Los Angeles"
"OnSolve-6b5defdcf264414283ed01c48507097f",0,113,250,130,64,104,38,19,0,13,19,20,24,34,14,5,5,15,80,39,0,0,0,0,0,0,0,0,0,0,0,0,0,0,0,0,34,0,0,0,10,0,0,0,0,7,36,14,6,6,0,0,30,25,0,12,9,29,0,0,5,4,21,12,90,13,0,0,0,13,13,8,5,5,14,5,0,4,23,13,8,0,0,19,138681471.404397,13418327.9584823,"2020-08-17T22:41:08.000Z","CA Butte County"
"OnSolve-71066a172de848c7b9c0d8f1b6920c9d",11,130,162,142,28,35,42,26,19,26,15,51,16,17,3,38,31,41,21,36,2,0,0,4,0,5,0,0,0,0,0,0,0,0,0,0,6,0,8,14,2,10,0,24,13,2,3,6,18,19,5,0,20,18,1,23,9,0,0,8,0,17,6,21,10,7,7,15,0,24,17,10,5,2,3,6,18,22,12,9,7,0,7,0,2369745892.79652,253962705.931588,"2020-08-19T11:48:59.000Z","CA Glenn County Sheriff"
"OnSolve-7189b7a8428944d8bd7919687e82076f",594,10755,19903,17416,1543,4892,1775,4249,5371,1714,6756,1337,1528,1573,1643,1630,1307,2910,4266,6174,62,80,34,25,0,71,0,19,37,26,72,150,0,18,0,0,213,270,341,150,345,287,359,249,341,947,877,1561,1223,1183,1299,1110,535,525,499,458,255,510,692,680,450,911,1476,2378,2113,1970,2740,3711,733,900,840,704,928,705,592,682,479,1026,1841,2085,1556,1078,1332,1935,3080594125.2915,1648061871.89663,"2019-10-26T17:48:54.000Z","CA Sonoma County Fire and Emergency Services Department"
"OnSolve-72f88e4a8e2540e6b092775587199020",58,289,579,449,52,185,66,103,96,11,19,20,56,37,160,63,173,52,130,152,0,0,0,0,0,0,58,0,0,0,0,0,0,0,0,0,0,0,0,0,35,18,0,0,27,0,31,26,80,0,72,0,52,41,0,0,11,10,43,12,91,22,47,69,69,81,12,19,0,25,11,20,10,9,59,51,55,30,52,57,36,22,12,0,112618657.597225,9729609.86650265,"2020-08-20T21:57:54.000Z","CA Plumas County Sheriff's Office"
"OnSolve-74d97d03c10c45d98d074f4460e6a410",244,1466,1411,1390,328,77,486,64,128,498,25,401,333,455,204,179,285,445,362,241,22,46,0,0,24,40,0,56,15,41,0,0,0,0,0,0,73,111,126,200,97,130,65,5,126,189,136,82,10,21,95,0,154,196,144,99,51,131,28,99,36,105,163,106,20,43,33,3,79,133,228,102,161,154,111,19,108,110,63,53,47,0,0,22,30769671.8676026,5043958.16281026,"2020-10-15T22:35:40.000Z","CA Butte County"
"OnSolve-7871d39303af42cd95573139f6b040f4",110,782,755,619,96,127,109,73,37,138,43,155,158,334,123,103,101,172,262,235,10,0,0,0,42,17,0,0,0,10,0,31,0,0,0,0,40,54,27,63,52,109,35,13,49,94,94,43,77,0,22,10,36,32,57,26,25,89,36,57,9,35,87,136,32,60,15,23,10,23,54,66,39,119,52,33,43,33,81,25,18,13,0,10,15577745.0283628,3947810.63074218,"2020-06-17T19:24:56.000Z","CA Butte County"
"OnSolve-7f08f45babf54134ba7591c67fd8768d",294,5242,8938,10600,970,2885,653,1936,2478,695,3959,590,740,864,706,873,925,1598,2431,2771,88,10,7,0,9,12,0,42,11,32,22,42,0,7,0,12,119,103,70,8,68,206,176,186,221,434,536,701,728,477,557,652,341,178,139,218,188,222,199,306,258,282,649,810,988,805,1207,2148,422,362,479,364,475,424,331,339,435,850,1224,1218,1169,647,714,1147,708114121.723117,220080876.255321,"2019-10-27T11:09:07.000Z","CA Sonoma County Fire and Emergency Services Department"
"OnSolve-80273886293c487bab3974169a13d4db",48,883,1782,743,87,384,78,188,181,186,139,124,80,267,165,108,169,367,453,480,0,0,0,0,19,25,0,0,0,0,0,4,0,0,0,0,7,30,34,21,9,54,65,53,69,113,68,191,99,37,23,10,80,37,95,82,37,93,63,39,92,176,259,182,252,65,127,103,0,11,57,21,15,95,37,16,8,78,126,103,33,86,31,26,498731948.964866,14832560.8507311,"2020-09-19T03:17:10.000Z","CA County of Los Angeles"
"OnSolve-816699fda941412a910885f3e14fdf28",927,14700,16433,9747,1515,4554,1619,2973,3819,1458,2467,1179,1428,1433,1664,1642,1666,3506,4531,6353,160,64,70,18,38,44,59,78,68,16,45,174,24,69,0,0,479,350,369,199,490,531,615,480,599,1482,1556,2630,1567,1198,1366,789,441,521,562,361,228,438,511,666,569,1352,1677,2635,2276,1196,1831,1169,435,684,457,601,672,420,479,418,430,656,1253,914,687,510,622,509,129789339.317094,72471342.3008933,"2019-10-27T11:40:29.000Z","CA Sonoma County Fire and Emergency Services Department"
"OnSolve-87d73e4f3c5e429ea7c0c0ec40f64873",13,251,659,533,52,138,12,118,168,31,323,53,12,47,55,34,19,115,121,158,0,0,0,3,0,0,0,0,0,0,0,10,0,0,0,0,12,0,12,0,0,3,5,14,0,50,19,14,23,34,38,27,36,4,0,47,0,34,29,13,3,43,45,43,55,42,84,181,4,8,19,3,12,10,21,7,16,22,57,91,60,42,46,115,239601574.798808,31832202.3478208,"2020-08-22T18:47:33.000Z","CA Sonoma County Fire and Emergency Services Department"
"OnSolve-88decb4d76ee42c79893526ccf2cfef5",8,161,313,418,40,84,5,81,79,5,38,31,22,10,38,70,72,58,165,102,0,0,0,0,0,0,8,0,0,0,0,0,0,0,0,0,0,0,0,0,0,0,3,6,0,0,18,42,24,20,48,0,40,5,0,6,11,0,5,13,17,38,51,12,26,48,23,18,0,0,5,25,11,10,22,51,55,20,96,48,34,13,8,20,1464690407.89167,15918099.9837522,"2020-08-19T22:35:15.000Z","CA Plumas County Sheriff's Office"
"OnSolve-8ad44d7bf993485cb231a838e4f120a0",19,386,1177,600,72,322,0,77,76,83,89,108,63,226,105,162,140,121,301,237,0,0,0,0,19,0,0,0,0,0,0,0,0,0,0,0,0,0,0,0,0,97,0,75,85,0,19,40,70,0,0,0,72,0,52,67,35,103,85,23,47,85,150,141,118,49,61,89,0,0,31,41,9,26,20,64,8,36,132,56,134,28,15,0,198113534.313557,12569343.5038107,"2020-09-19T01:35:01.000Z","CA County of Los Angeles"
"OnSolve-8c5beaf8c60b4690ae570061efd65c9a",3,136,373,339,22,82,46,61,59,18,241,23,9,13,27,20,15,14,108,93,0,0,0,0,0,0,0,0,0,0,3,0,0,0,0,0,0,33,0,0,0,8,0,0,0,0,32,9,0,26,16,12,9,7,18,14,3,3,2,11,5,5,33,60,63,18,16,106,13,6,0,9,6,2,25,9,10,9,40,24,19,17,27,123,368771261.042228,3533077.15093944,"2019-03-19T18:29:00.000Z","CA Sonoma County Fire and Emergency Services Department"
"OnSolve-922e832ccfb748b5b3358b88fe1f2127",9,566,1092,923,86,263,194,174,282,152,202,25,132,49,20,81,61,229,350,290,0,0,0,0,0,0,0,0,0,0,9,0,0,0,0,0,7,28,22,0,52,0,0,15,31,68,62,56,101,35,76,13,38,91,44,25,0,10,0,55,12,110,117,130,77,80,170,133,41,75,86,0,80,39,20,11,18,51,162,104,85,59,36,56,42633164.4287948,5688010.49180153,"2020-08-21T18:39:50.000Z","CA Sonoma County Fire and Emergency Services Department"
"OnSolve-9585dffcc0104714bc3dc6cf8973158c",0,109,445,261,24,101,0,57,40,12,95,13,0,77,44,36,0,117,105,94,0,0,0,0,0,0,0,0,0,0,0,0,0,0,0,0,0,0,0,0,0,0,0,16,0,7,4,28,54,0,0,0,12,0,0,13,0,52,37,12,0,69,35,35,40,21,24,95,12,0,12,0,0,25,7,8,0,41,66,31,7,36,16,0,318185323.437977,7537169.38095544,"2020-09-17T20:56:39.000Z","CA County of Los Angeles"
"OnSolve-966e1a9396434792b6b33c0cc9b786a5",36,1460,3463,2616,278,577,232,765,895,191,1917,127,150,215,216,192,165,269,425,961,4,0,0,0,0,0,0,0,0,0,0,19,0,0,13,0,57,49,44,5,29,66,15,52,69,12,83,256,79,214,186,244,69,46,41,33,23,34,79,66,61,135,144,289,349,352,470,1272,148,137,106,89,98,115,122,74,35,122,198,397,149,199,226,401,788158797.923259,151545593.01681,"2020-08-19T03:34:39.000Z","CA Santa Cruz Regional 9-1-1"
"OnSolve-96a6f28ae55d4664ba1e8931b7ccec63",0,20,121,92,40,26,0,46,0,5,8,0,0,0,22,0,7,15,59,5,0,0,0,0,0,0,0,0,0,0,0,0,0,0,0,0,0,0,0,0,0,0,0,0,0,0,0,0,0,20,0,0,40,0,0,0,0,0,0,0,7,15,20,0,5,26,0,8,0,0,5,0,0,0,22,0,0,0,39,5,21,0,0,0,1136705496.19741,52528013.2328146,"2020-08-26T16:03:52.000Z","CA Plumas County Sheriff's Office"
"OnSolve-96be8824862e469b8dbfd0194e02fcbc",19,115,788,594,53,121,11,107,61,113,76,114,81,99,109,73,44,105,177,172,0,0,0,0,19,0,0,0,0,0,0,0,0,0,0,0,0,0,0,0,0,11,0,28,0,0,0,22,54,0,0,0,53,0,52,60,0,52,48,34,36,69,65,66,52,79,46,76,0,11,61,54,62,36,61,11,8,36,112,84,15,28,15,0,374157235.572366,35569706.7404829,"2020-09-18T21:40:45.000Z","CA County of Los Angeles"
"OnSolve-973e5a5471be4045bf1e3773db943f6b",19,115,636,388,25,109,0,60,28,83,76,71,28,89,57,62,44,105,177,144,0,0,0,0,19,0,0,0,0,0,0,0,0,0,0,0,0,0,0,0,0,11,0,28,0,0,0,22,54,0,0,0,25,0,52,50,0,52,37,23,36,69,65,66,40,32,13,76,0,0,31,21,9,26,20,11,8,36,112,56,15,28,15,0,134123709.696328,18237676.3758505,"2020-09-18T21:33:16.000Z","CA County of Los Angeles"
"OnSolve-9a976d8897c44a9097d1f622d63fbd71",46,2030,4178,1403,152,1042,110,739,1145,149,1861,124,105,67,104,143,76,300,524,1016,0,0,0,0,0,0,0,0,11,0,18,17,0,0,0,0,25,10,44,25,8,0,0,33,16,57,125,387,406,159,310,425,104,71,38,19,76,9,57,43,16,127,193,485,550,457,713,1220,23,29,67,80,21,58,47,67,33,116,188,127,86,123,122,216,778595222.576144,59232161.3139766,"2019-10-25T10:17:53.000Z","CA County of Los Angeles"
"OnSolve-C-1e3a58288e934d18aef91d915675cc37",41,668,764,681,45,136,144,58,48,231,55,226,86,249,126,95,71,112,239,233,0,0,0,0,0,0,0,0,0,10,0,31,0,0,0,0,11,54,109,63,33,61,47,16,10,50,51,54,77,0,22,10,24,49,68,53,20,69,36,46,9,19,94,130,41,45,26,35,10,41,54,110,33,119,43,33,52,33,94,18,18,13,0,10,14846141.6730766,1161155.47086,"2020-07-20T23:57:57.000Z","CA Butte County"
"OnSolve-C-70d52d7dabcd4fa3830283ceb43a9627",3,175,292,251,25,202,25,12,34,63,32,31,55,39,26,28,10,29,66,44,0,0,0,0,0,0,0,3,0,0,0,0,0,0,0,0,1,1,36,10,2,1,11,4,0,2,39,16,52,0,0,0,3,3,0,11,25,11,1,1,0,17,17,7,128,12,34,22,21,21,27,10,28,27,14,20,10,10,10,21,22,0,0,10,104005938.960374,5369251.92828099,"2020-07-01T00:39:40.000Z","CA Butte County"
"OnSolve-C-85013b5eb6164b3f99566300e794e4fd",36,1460,3463,2616,278,577,232,765,895,191,1917,127,150,215,216,192,165,269,425,961,4,0,0,0,0,0,0,0,0,0,0,19,0,0,13,0,57,49,44,5,29,66,15,52,69,12,83,256,79,214,186,244,69,46,41,33,23,34,79,66,61,135,144,289,349,352,470,1272,148,137,106,89,98,115,122,74,35,122,198,397,149,199,226,401,788158797.923259,151545593.01681,"2020-08-19T04:31:49.000Z","CA Santa Cruz Regional 9-1-1"
"OnSolve-C-bd86908ee8a040d395ea64baaa9d61b2",3,486,793,941,47,421,100,100,168,118,74,49,66,122,116,120,109,110,229,274,0,0,0,0,0,0,0,3,0,0,0,0,0,0,0,0,1,1,36,10,2,1,57,25,11,8,107,89,91,12,22,13,16,20,24,11,36,11,24,1,8,37,17,107,250,44,136,51,30,79,58,28,28,110,35,91,90,65,105,78,80,44,10,10,129428806.789336,8796645.33524049,"2019-09-08T21:16:16.000Z","CA Butte County"
"OnSolve-C-be9c0111acf846209c0cbd5ec7d1a238",17,39,84,169,17,15,10,0,48,0,19,18,26,0,9,0,41,28,56,22,7,0,0,0,0,0,0,0,10,0,0,0,0,0,0,0,0,0,0,0,0,0,0,0,0,11,28,0,0,0,0,0,10,0,0,0,8,0,9,0,7,17,28,0,5,0,0,0,0,10,0,18,18,0,0,0,24,0,0,22,10,0,48,19,433024094.986928,1019341.92809926,"2019-07-24T01:11:14.000Z","CA Mono County Sheriff's Office"
"OnSolve-C-c7e061b24b9a47a9ac98fd1397336d72",0,51,204,107,42,5,49,26,28,39,66,37,12,0,5,5,4,0,21,23,0,0,0,0,0,0,0,0,0,0,0,0,0,0,0,0,0,0,0,7,0,0,0,0,0,0,5,4,0,21,9,5,6,44,23,19,12,0,0,5,4,0,6,0,0,5,19,61,36,5,16,11,0,0,5,0,0,0,10,19,5,0,0,0,58360473.6481173,2799557.10962392,"2020-08-15T00:48:40.000Z","CA Butte County"
"OnSolve-C-d4c8fe9e04914b34bddc59e9c968e0da",41,668,764,681,45,136,144,58,48,231,55,226,86,249,126,95,71,112,239,233,0,0,0,0,0,0,0,0,0,10,0,31,0,0,0,0,11,54,109,63,33,61,47,16,10,50,51,54,77,0,22,10,24,49,68,53,20,69,36,46,9,19,94,130,41,45,26,35,10,41,54,110,33,119,43,33,52,33,94,18,18,13,0,10,14846141.6730766,1161155.47086,"2020-07-21T00:04:05.000Z","CA Butte County"
"OnSolve-U-7656af9994124d3494ed10ff0820ae84",45,876,1622,1170,127,444,310,210,236,302,256,80,129,123,168,82,110,250,472,414,0,0,0,0,0,32,0,2,0,2,9,0,0,0,0,0,22,96,76,30,28,13,42,36,19,75,111,100,86,86,56,0,82,108,119,25,11,22,95,23,40,131,181,200,171,70,140,204,23,106,107,25,90,56,31,21,51,42,171,114,187,54,40,52,124239366.775907,16697307.088948,"2020-08-21T17:34:08.000Z","CA Sonoma County Fire and Emergency Services Department"
"OnSolve-U-9a9dc4a0098449a58a955c58993526fe",0,228,483,340,102,140,87,85,39,39,120,17,14,59,35,95,35,31,90,63,0,0,0,0,0,0,0,0,0,0,0,0,0,0,0,0,0,0,0,17,0,7,0,0,0,31,44,5,41,52,31,0,102,45,7,0,0,52,25,0,0,0,11,58,37,18,8,120,0,42,32,0,14,0,10,95,35,0,35,0,62,15,0,0,2159253708.71872,33558644.175858,"2020-08-15T21:42:58.000Z","CA Plumas County Sheriff's Office"
"OnSolve-a0c22795bd4640f6bb85fc861f9f4a71",45,876,1622,1170,127,444,310,210,236,302,256,80,129,123,168,82,110,250,472,414,0,0,0,0,0,32,0,2,0,2,9,0,0,0,0,0,22,96,76,30,28,13,42,36,19,75,111,100,86,86,56,0,82,108,119,25,11,22,95,23,40,131,181,200,171,70,140,204,23,106,107,25,90,56,31,21,51,42,171,114,187,54,40,52,124239366.775907,16697307.088948,"2020-08-21T15:54:18.000Z","CA Sonoma County Fire and Emergency Services Department"
"OnSolve-a26968645cee4387b6323b892d307313",0,113,250,130,64,104,38,19,0,13,19,20,24,34,14,5,5,15,80,39,0,0,0,0,0,0,0,0,0,0,0,0,0,0,0,0,34,0,0,0,10,0,0,0,0,7,36,14,6,6,0,0,30,25,0,12,9,29,0,0,5,4,21,12,90,13,0,0,0,13,13,8,5,5,14,5,0,4,23,13,8,0,0,19,138681471.404397,9579242.67870963,"2020-08-17T19:36:41.000Z","CA Butte County"
"OnSolve-a4fc25d91ab649bf97db41c665219e48",24,254,1060,3416,142,511,108,275,448,283,607,121,102,176,178,146,159,432,481,585,0,0,0,0,0,0,24,0,0,0,0,0,0,0,0,0,0,0,0,8,0,9,12,0,0,0,0,32,0,36,65,92,39,56,99,0,9,0,34,0,0,49,48,64,148,69,142,303,103,52,184,113,93,167,108,146,159,383,433,489,363,170,241,212,180917073.451249,20320905.9904654,"2020-09-28T04:42:49.000Z","CA Sonoma County Fire and Emergency Services Department"
"OnSolve-a64aea9be55f45ffaf81c584d55db86a",12,205,573,638,99,165,0,131,88,45,27,45,46,41,52,119,82,68,195,225,2,0,0,10,0,0,0,0,0,0,0,0,0,0,0,0,3,0,17,0,0,0,0,10,0,7,18,78,0,20,52,0,69,0,2,0,11,9,10,15,29,61,59,79,96,70,36,27,25,0,26,35,35,32,42,94,53,0,118,68,69,41,0,0,2681650596.65202,120358241.141307,"2020-08-20T16:18:33.000Z","CA Plumas County Sheriff's Office"
"OnSolve-aaba9735a6da4f1d9312130d09c1fc78",10,101,212,259,28,55,0,22,38,37,0,10,28,9,10,82,45,31,84,103,0,0,0,10,0,0,0,0,0,0,0,0,0,0,0,0,0,0,17,0,0,0,0,0,0,7,15,26,0,0,36,0,28,0,0,0,11,9,10,7,10,24,25,43,21,22,2,0,0,0,20,0,17,0,0,75,35,0,44,34,34,0,0,0,452833915.379849,28899535.4080256,"2020-08-23T22:56:58.000Z","CA Plumas County Sheriff's Office"
"OnSolve-ab755ab733954ef19a8a0bf8e0106b0c",191,1026,1329,1093,261,286,250,111,138,259,89,282,320,142,123,74,191,401,335,377,0,29,0,84,14,23,0,0,0,41,0,0,0,0,0,0,70,41,83,54,116,26,7,5,26,154,151,66,109,27,84,7,154,89,77,54,74,45,11,43,71,133,96,191,119,75,46,51,37,91,99,90,116,48,105,26,94,73,88,120,58,9,8,31,160056660.756123,7879720.25987039,"2020-08-17T22:44:47.000Z","CA Butte County"
"OnSolve-ac8833ecb68c484f9fccda2367ec2bd6",27,525,1101,1019,127,314,69,168,135,75,232,172,122,103,124,133,69,144,311,374,0,0,0,0,0,0,4,0,0,23,0,0,0,0,0,0,22,2,0,4,28,0,23,12,18,7,118,102,108,28,22,31,42,26,38,75,22,56,31,45,13,16,115,121,138,90,108,165,63,41,37,93,72,47,66,76,38,98,78,151,68,50,5,36,1690341793.71833,45019421.7425591,"2020-09-28T23:05:42.000Z","CA Shasta Area Safety Communications Agency (SHASCOM)"
"OnSolve-ad58f46811ec48178f5201450a73e60c",18,185,463,555,68,118,5,94,81,42,38,41,39,19,48,101,72,89,196,170,0,0,0,10,0,0,8,0,0,0,0,0,0,0,0,0,0,0,17,0,0,0,3,6,0,7,18,42,24,20,48,0,68,5,0,6,11,9,15,20,17,62,65,55,26,61,25,18,0,0,25,25,28,10,22,75,55,20,113,73,68,13,8,20,1843459129.93675,17987192.532198,"2020-08-19T22:40:18.000Z","CA Plumas County Sheriff's Office"
"OnSolve-b617bdb4264b48e0ab8a1b2b3f59c91a",0,113,250,130,64,104,38,19,0,13,19,20,24,34,14,5,5,15,80,39,0,0,0,0,0,0,0,0,0,0,0,0,0,0,0,0,34,0,0,0,10,0,0,0,0,7,36,14,6,6,0,0,30,25,0,12,9,29,0,0,5,4,21,12,90,13,0,0,0,13,13,8,5,5,14,5,0,4,23,13,8,0,0,19,138681471.404397,10393162.1499078,"2020-08-17T22:27:09.000Z","CA Butte County"
"OnSolve-b7bb4c0925a64c1d9100b63598da9719",41,537,613,582,34,127,109,58,37,126,43,155,86,220,114,92,62,103,185,222,0,0,0,0,0,0,0,0,0,10,0,31,0,0,0,0,0,54,15,63,33,61,35,13,10,50,51,43,77,0,22,10,24,32,57,26,20,48,36,46,9,10,60,130,32,45,15,23,10,23,54,66,33,111,43,33,43,33,74,18,18,13,0,10,13276063.0378675,2921196.48669316,"2020-06-17T22:09:21.000Z","CA Butte County"
"OnSolve-b7fc4552db25476590c6fea140c2871e",204,512,1235,704,186,240,161,234,91,109,144,130,325,151,100,82,37,141,274,250,41,0,0,0,70,0,0,0,0,10,0,31,24,28,0,0,45,16,12,22,57,53,26,5,0,67,91,38,25,27,16,12,59,113,31,67,105,65,15,18,37,60,83,78,178,145,75,106,41,32,66,41,93,33,59,59,0,4,100,103,13,34,0,26,416069375.457319,55115431.3637262,"2020-09-13T15:36:27.000Z","CA Butte County"
"OnSolve-b840e5eaabef41c3b14a035061980bea",0,526,1345,1249,245,344,302,196,134,233,158,162,213,121,74,126,55,195,281,281,0,0,0,0,0,0,0,0,0,0,0,0,0,0,0,0,65,17,7,20,32,18,0,6,0,68,71,54,51,58,54,5,75,111,85,48,107,43,15,64,50,52,94,119,166,110,80,126,105,174,141,94,74,60,59,56,5,75,116,108,127,28,0,27,1056847292.64123,255554170.594524,"2020-09-28T03:59:21.000Z","CA Butte County"
"OnSolve-b9570908d7424648963d08bf9c4515fb",301,6715,11470,9383,818,2974,810,2711,3467,762,4264,699,813,762,626,912,736,1566,2351,3598,0,15,34,3,0,9,0,19,37,2,63,119,0,0,0,0,145,169,96,81,202,139,149,167,277,584,550,972,742,863,852,727,290,225,114,237,132,189,295,419,219,463,739,1382,1417,1180,1785,2384,383,401,518,378,479,425,182,307,203,517,999,1125,815,668,830,1153,1221404495.57811,515725422.622712,"2019-10-27T10:37:51.000Z","CA Sonoma County Fire and Emergency Services Department"
"OnSolve-bad91a3ec28c4e47acba0ccb06f416c6",695,3710,4952,4144,842,879,1030,376,515,1118,213,966,1235,927,640,548,847,1126,1248,991,79,46,0,84,119,40,3,61,56,104,28,51,24,0,0,0,208,190,246,317,307,230,198,44,294,360,488,223,275,80,227,23,306,370,387,246,403,336,137,188,239,404,440,479,427,231,229,130,249,424,485,319,406,321,302,255,258,258,292,238,153,65,59,60,666641417.721548,280837088.538021,"2020-09-09T09:01:39.000Z","CA Butte County"
"OnSolve-c0d0901594ff4da3af07c6e7880c500c",151,437,738,733,92,60,106,54,65,214,75,184,139,144,79,113,100,171,255,208,2,0,0,4,48,5,15,2,0,0,43,0,0,0,0,32,29,0,55,14,48,33,0,49,32,2,29,79,21,23,23,0,50,37,102,47,18,61,15,20,37,99,57,101,16,12,23,43,11,69,57,119,25,45,49,42,31,70,126,28,23,19,19,0,4770549177.42928,1114227799.39321,"2020-08-19T21:01:00.000Z","CA Glenn County Sheriff"
"OnSolve-c23f74f0e26d4a9fa7ca5b919b6c1913",21,471,1144,1121,113,208,229,111,115,79,249,48,210,96,153,76,94,125,223,628,0,0,0,0,21,0,0,0,0,0,0,0,0,0,0,0,0,0,0,0,20,46,85,26,27,0,52,157,21,0,0,37,108,59,62,20,12,16,5,50,52,67,94,209,82,92,89,127,5,170,17,28,157,34,63,0,15,58,77,262,105,19,26,85,156171385.145474,8342237.1035688,"2020-08-17T14:59:51.000Z","CA Nevada County Office of Emergency Services"
"OnSolve-c455e6a265a84cdfb9396e0377facac3",41,284,311,257,14,50,43,58,25,40,23,59,36,119,45,57,41,59,86,138,0,0,0,0,0,0,0,0,0,10,0,31,0,0,0,0,0,33,15,15,20,61,20,5,10,26,7,43,19,0,10,0,4,5,8,3,9,29,15,28,9,10,40,55,13,45,15,23,10,5,17,41,7,29,10,24,22,13,39,9,18,13,0,0,6357432.68076927,749734.405626297,"2020-06-17T21:52:25.000Z","CA Butte County"
"OnSolve-c79f437a7dba4f09af9978fd60506bab",497,8698,15770,13207,1296,3953,1500,3280,4026,1422,5089,1074,1268,1182,1221,1264,1044,2263,3406,4884,53,80,14,25,0,57,0,26,37,26,72,107,0,0,0,0,203,280,249,142,261,218,244,252,256,604,786,1262,1060,962,1086,833,485,453,438,362,193,359,497,496,422,790,1110,1854,1820,1521,2047,2923,555,687,721,545,814,548,480,490,329,843,1438,1661,1073,797,893,1333,3256718248.03443,1082383419.42326,"2019-02-26T19:02:34.000Z","CA Sonoma County Fire and Emergency Services Department"
"OnSolve-cd66b84b3ad646f29ae8c2d2e4f2a11b",41,668,764,681,45,136,144,58,48,231,55,226,86,249,126,95,71,112,239,233,0,0,0,0,0,0,0,0,0,10,0,31,0,0,0,0,11,54,109,63,33,61,47,16,10,50,51,54,77,0,22,10,24,49,68,53,20,69,36,46,9,19,94,130,41,45,26,35,10,41,54,110,33,119,43,33,52,33,94,18,18,13,0,10,14846141.6730766,1161155.47086,"2020-07-20T22:52:38.000Z","CA Butte County"
"OnSolve-d4190f6817df4011b1215771c123226d",0,274,433,379,92,163,41,105,84,16,8,11,11,27,72,63,125,45,154,69,0,0,0,0,0,0,0,0,0,0,0,0,0,0,0,0,0,0,0,0,0,18,0,0,27,0,31,26,80,20,72,0,92,41,0,0,11,0,13,12,54,15,57,19,26,85,0,8,0,0,16,11,0,9,59,51,44,30,66,24,57,0,12,0,1216164440.90161,16024787.4468614,"2020-08-19T23:57:43.000Z","CA Plumas County Sheriff's Office"
"OnSolve-d470ea1b7ff94510bad8b9416619b9b4",574,10066,17955,15255,1477,4506,1643,4025,4697,1445,6153,1112,1401,1404,1402,1443,1221,2645,3854,5422,53,80,54,25,0,69,0,19,37,26,43,109,0,59,0,0,193,287,245,142,342,220,311,249,327,865,851,1481,1078,1216,1237,1022,532,506,444,375,198,470,592,606,489,797,1333,2024,1980,1814,2315,3480,699,770,702,570,861,645,499,569,368,957,1627,1808,1448,936,1145,1651,3135111001.03361,1287422171.54919,"2019-10-27T00:50:01.000Z","CA Sonoma County Fire and Emergency Services Department"
"OnSolve-d5f944985b914931a1535b472e8bf049",41,668,764,681,45,136,144,58,48,231,55,226,86,249,126,95,71,112,239,233,0,0,0,0,0,0,0,0,0,10,0,31,0,0,0,0,11,54,109,63,33,61,47,16,10,50,51,54,77,0,22,10,24,49,68,53,20,69,36,46,9,19,94,130,41,45,26,35,10,41,54,110,33,119,43,33,52,33,94,18,18,13,0,10,14846141.6730766,1161155.47086,"2020-07-20T23:29:26.000Z","CA Butte County"
"OnSolve-d71b1d788bf74c79b62e3a17f1f8955c",0,116,621,485,52,113,11,121,73,46,95,56,62,94,96,47,5,117,112,122,0,0,0,0,0,0,0,0,0,0,0,0,0,0,0,0,0,0,0,0,0,0,0,16,0,7,11,28,54,0,0,0,40,0,0,23,9,52,48,23,5,69,35,35,52,78,57,95,12,11,46,33,53,42,48,8,0,41,66,59,7,43,16,0,1364164222.88605,78150062.4984542,"2020-09-17T21:37:37.000Z","CA County of Los Angeles"
"OnSolve-d8fe66cfa14f4dfc9c13e67cc80b1901",36,952,1489,1805,178,507,241,182,242,182,141,199,233,178,223,230,279,266,404,597,0,0,16,0,0,0,7,13,0,0,0,0,0,0,0,0,34,0,27,0,51,17,50,22,76,33,164,197,154,18,106,3,95,90,21,101,85,62,24,37,38,109,113,184,225,98,110,97,49,151,118,98,97,99,142,158,165,124,127,216,128,66,26,41,190744811.568923,8831324.2561148,"2020-08-18T03:01:32.000Z","CA Butte County"
"OnSolve-da4cbf285daf48da925c8f7ae4534098",33,533,975,1042,62,224,54,332,187,44,263,71,41,137,116,88,66,204,373,321,0,0,0,22,0,0,0,0,0,0,0,11,0,0,0,0,0,3,0,7,0,23,19,0,0,19,129,59,74,94,79,27,14,23,11,3,0,55,33,37,39,88,101,89,73,199,74,136,48,28,33,39,41,59,64,51,27,97,143,162,77,39,34,100,1023192538.37965,108182905.662895,"2020-08-21T18:49:43.000Z","CA Sonoma County Fire and Emergency Services Department"
"OnSolve-db548fe7ce574ff985c70ea8978b8e5d",690,13098,19327,13901,1223,5191,1502,4034,4780,1337,4572,1362,1638,1520,1732,1767,1383,3121,4589,7265,56,75,45,63,26,33,62,29,0,0,63,151,28,59,0,0,270,229,340,229,556,365,370,312,438,1138,1217,2423,1512,1159,1367,1173,389,364,554,411,395,538,749,684,465,1163,1733,2876,2421,1853,2369,2363,508,834,398,659,661,584,551,742,480,820,1576,1815,1230,963,1044,1036,1031605687.90711,422060888.98426,"2019-10-27T11:05:04.000Z","CA Sonoma County Fire and Emergency Services Department"
"OnSolve-dcf9df5feb28403d9c0543e33a48df79",44,493,859,1275,102,266,148,153,100,165,80,135,89,133,185,152,160,167,257,379,0,0,16,10,0,0,7,11,0,0,0,0,0,0,0,0,0,18,0,0,14,50,66,11,24,6,82,140,48,12,0,22,55,42,42,62,9,20,32,26,16,66,68,82,115,94,82,48,47,88,107,63,66,63,80,104,120,95,107,157,103,47,18,10,187482218.587255,11231266.4624401,"2019-09-08T00:23:09.000Z","CA Butte County"
"OnSolve-dd7da05299184c5a94fda493252c6ec4",54,720,1641,4039,236,826,184,396,504,212,855,121,171,296,190,226,212,470,714,841,0,0,0,0,0,0,0,0,11,6,0,37,0,0,0,0,47,11,0,8,0,44,59,6,0,39,53,67,157,35,59,135,39,118,49,0,29,86,23,42,8,94,104,101,187,111,230,420,150,55,163,113,142,166,108,178,193,331,557,636,482,250,215,300,169449192.286124,21745369.2019797,"2020-09-28T05:39:22.000Z","CA Sonoma County Fire and Emergency Services Department"
"OnSolve-e11d23d01d234e449f3c8fbbb0f6b2ab",3,136,373,339,22,82,46,61,59,18,241,23,9,13,27,20,15,14,108,93,0,0,0,0,0,0,0,0,0,0,3,0,0,0,0,0,0,33,0,0,0,8,0,0,0,0,32,9,0,26,16,12,9,7,18,14,3,3,2,11,5,5,33,60,63,18,16,106,13,6,0,9,6,2,25,9,10,9,40,24,19,17,27,123,368771261.042228,2841825.1939715,"2019-03-19T18:36:43.000Z","CA Sonoma County Fire and Emergency Services Department"
"OnSolve-e27a9eba09814159809fe3ef4a80e00f",11,130,162,142,28,35,42,26,19,26,15,51,16,17,3,38,31,41,21,36,2,0,0,4,0,5,0,0,0,0,0,0,0,0,0,0,6,0,8,14,2,10,0,24,13,2,3,6,18,19,5,0,20,18,1,23,9,0,0,8,0,17,6,21,10,7,7,15,0,24,17,10,5,2,3,6,18,22,12,9,7,0,7,0,2369745892.79652,253097773.070558,"2020-08-19T09:29:24.000Z","CA Glenn County Sheriff"
"OnSolve-e5b94758e4e046b69dd2ea1c17ed9e0b",0,99,143,148,9,18,22,19,10,34,18,28,4,44,5,15,41,24,44,55,0,0,0,0,0,0,0,0,0,0,0,0,0,0,0,0,0,17,15,0,0,8,5,0,10,11,0,23,0,0,10,0,4,5,8,0,4,17,0,15,9,0,16,28,0,19,0,18,5,0,11,28,0,19,0,0,22,13,28,4,18,0,0,0,3291747.13483095,130481.283914724,"2020-06-17T19:13:30.000Z","CA Butte County"
"OnSolve-ea0be1a9680f48b7ae90f53ae6df3379",46,655,1181,1060,67,274,43,377,228,54,357,94,44,131,143,105,69,247,320,389,0,0,0,25,0,0,0,0,0,0,0,21,0,0,0,0,12,0,12,0,0,22,24,14,0,34,119,69,93,120,106,30,25,23,0,47,0,55,50,47,42,107,81,121,83,226,86,188,30,20,42,22,44,54,69,44,27,106,120,178,98,31,36,139,392489866.275774,21195676.9321447,"2020-08-22T18:42:50.000Z","CA Sonoma County Fire and Emergency Services Department"
"OnSolve-ec67b6af9868434bb0d2ddb59eae1779",217,5421,9064,7247,690,2483,645,1898,2628,668,3223,697,701,623,573,641,660,1145,1676,2998,15,15,14,3,0,9,0,0,37,0,32,92,0,0,0,0,156,77,112,79,170,142,142,131,151,347,408,874,707,625,777,523,249,219,114,255,169,157,207,190,207,359,578,1155,1243,839,1298,1825,270,334,428,360,362,315,224,320,265,439,658,877,533,434,553,875,1875856693.50882,630763413.229664,"2019-10-26T17:25:21.000Z","CA Sonoma County Fire and Emergency Services Department"
"OnSolve-ec7055919ea34059ae7c841c648fc937",26,129,368,433,85,52,68,22,56,73,43,54,62,65,31,59,63,80,50,93,16,0,0,10,0,0,0,0,0,0,0,0,0,0,0,0,0,18,0,4,8,50,10,0,2,0,0,28,0,0,0,9,47,12,33,35,13,12,0,15,17,37,15,24,16,15,43,34,22,38,40,5,41,3,21,44,44,43,35,41,36,7,13,0,232378919.855615,4065382.09607825,"2020-07-13T23:05:57.000Z","CA Butte County"
"OnSolve-f4703281057345d2bb97201fadb3ef9e",497,8188,14198,11649,1115,3666,1327,3075,3684,1204,4535,892,1112,1061,1080,1119,966,2106,3101,4489,53,80,14,25,0,57,0,26,37,26,72,107,0,0,0,0,193,277,247,100,260,202,213,238,245,545,749,1223,965,923,1040,768,400,396,337,318,185,312,474,416,406,753,954,1671,1720,1429,1860,2567,469,574,606,449,667,490,393,439,278,782,1326,1488,981,723,784,1200,1686193623.89426,842880069.35436,"2019-02-26T18:59:59.000Z","CA Sonoma County Fire and Emergency Services Department"
"OnSolve-f66587244a364c4eac85a2f9f508742a",41,284,311,257,14,50,43,58,25,40,23,59,36,119,45,57,41,59,86,138,0,0,0,0,0,0,0,0,0,10,0,31,0,0,0,0,0,33,15,15,20,61,20,5,10,26,7,43,19,0,10,0,4,5,8,3,9,29,15,28,9,10,40,55,13,45,15,23,10,5,17,41,7,29,10,24,22,13,39,9,18,13,0,0,6357432.68076927,1530174.31206753,"2020-06-17T20:45:38.000Z","CA Butte County"
"OnSolve-f8519b1e05c542ac87551e9bd2647019",44,560,870,1359,139,222,186,116,88,158,72,164,149,147,194,152,177,183,304,382,0,0,16,10,0,0,7,11,0,0,0,0,0,0,0,0,0,18,10,0,22,50,66,11,30,26,117,140,48,0,0,22,84,53,35,62,34,24,32,26,16,69,72,94,73,84,72,40,55,115,97,92,93,73,89,104,131,88,115,148,101,32,16,10,187408421.648643,10481523.2394298,"2020-08-17T21:23:28.000Z","CA Butte County"
"OnSolve-f93905ce40e0416ca1d2d09b2962137b",0,289,694,497,143,141,106,59,78,106,114,80,65,65,61,31,80,33,166,152,0,0,0,0,0,0,0,0,0,0,0,0,0,0,0,0,38,0,0,13,10,17,0,6,20,7,41,40,6,27,59,5,46,88,57,48,45,43,0,20,18,4,59,42,100,27,19,78,59,18,49,19,10,5,61,5,42,22,66,70,35,5,0,31,527454812.464925,65992340.4743091,"2020-09-09T07:28:41.000Z","CA Butte County"
"OnSolve-fcf5c3d55ec740949bdf48c60bcfae7a",41,537,613,582,34,127,109,58,37,126,43,155,86,220,114,92,62,103,185,222,0,0,0,0,0,0,0,0,0,10,0,31,0,0,0,0,0,54,15,63,33,61,35,13,10,50,51,43,77,0,22,10,24,32,57,26,20,48,36,46,9,10,60,130,32,45,15,23,10,23,54,66,33,111,43,33,43,33,74,18,18,13,0,10,13276063.0378675,2275898.11983024,"2020-06-17T20:38:35.000Z","CA Butte County"
"a4be8e83-c2b7-418a-94a0-8202459156a3",101,1503,2818,1812,545,579,114,499,829,262,460,130,293,142,114,207,224,462,643,731,15,0,45,0,0,0,0,16,0,0,0,25,0,0,0,0,46,0,19,0,105,27,0,84,109,114,250,245,128,220,137,19,210,20,90,57,79,62,0,75,47,198,226,300,320,179,590,365,274,94,108,73,109,53,114,32,68,150,167,161,131,100,102,76,234156948.41051,15398944.1646043,"2020-09-06T22:44:42.000Z","San Bernardino County, CA"
"a96bb79e-4ecd-4935-b3eb-a72560fbabf4",14,518,1213,767,96,269,47,294,523,48,379,26,10,78,9,86,46,66,194,341,0,0,0,0,0,0,0,0,0,12,0,0,0,2,0,0,6,45,0,9,3,5,1,52,1,6,99,76,13,132,50,20,57,0,40,3,6,27,4,9,22,42,34,89,80,100,391,309,33,2,8,14,1,46,4,25,23,6,61,176,176,60,82,50,90891947.2942502,8894732.36324997,"2019-10-25T20:40:12.000Z",",87706"
"aa981dee-c82f-4d7e-a172-60b53eb40f1b",18,806,1092,980,327,108,387,8,121,139,16,308,329,159,214,166,118,140,226,130,8,0,0,0,0,0,0,0,0,10,0,0,0,0,0,0,136,112,30,128,53,0,80,54,45,43,55,28,10,0,32,0,147,87,45,110,140,116,42,49,42,49,98,60,48,8,44,7,36,188,64,70,136,43,92,63,31,38,73,42,50,0,45,9,141095436.349826,16221810.6981071,"2016-07-29T23:16:37.000Z","CA Lake County Emer Services"
"ad84fa87-2f17-420d-923b-20f09ace6b3f",30,714,1280,1318,108,534,55,195,494,74,410,108,57,87,78,151,66,269,267,389,0,0,0,0,0,0,13,0,0,0,13,1,3,0,0,0,23,9,0,9,0,15,7,7,3,91,58,85,186,16,146,59,51,35,9,46,15,5,7,44,8,28,96,182,178,72,236,268,34,11,65,53,42,67,51,100,55,150,100,121,167,107,112,83,228056560.826012,8920546.37230168,"2019-09-25T00:19:55.000Z",",87259"
"b7140539-58c1-4bb8-ac34-b1219a6bea9f",228,6405,8434,4231,825,2195,442,1607,1878,478,1588,790,711,808,620,593,660,1413,1832,2858,40,16,7,6,20,7,7,11,0,37,60,5,12,0,0,0,330,96,194,78,92,199,130,253,293,562,725,1058,722,572,563,538,304,60,139,337,352,417,227,250,233,435,679,1237,993,720,1103,948,151,270,138,369,247,185,256,79,134,379,368,558,468,315,212,102,732843124.833878,159651600.682952,"2018-12-06T19:03:21.000Z","Riverside County, CA"
"b71e331c-dfd1-46a4-a7b2-92bcfc0ddc57",228,6405,8434,4231,825,2195,442,1607,1878,478,1588,790,711,808,620,593,660,1413,1832,2858,40,16,7,6,20,7,7,11,0,37,60,5,12,0,0,0,330,96,194,78,92,199,130,253,293,562,725,1058,722,572,563,538,304,60,139,337,352,417,227,250,233,435,679,1237,993,720,1103,948,151,270,138,369,247,185,256,79,134,379,368,558,468,315,212,102,732843124.833878,159651600.682952,"2018-12-06T21:22:08.000Z","Riverside County, CA"
"b8be21d8-ebe9-4538-8910-d3139293bc21",12,1234,3384,2193,146,748,59,880,1413,100,1466,104,115,185,77,143,101,279,369,638,12,0,0,0,0,0,0,0,0,0,0,0,0,0,0,0,26,4,0,31,0,7,5,12,12,35,15,93,177,164,349,304,58,34,22,0,31,100,37,50,40,105,186,226,271,501,783,940,50,21,78,73,84,78,35,81,49,139,168,319,300,215,281,222,369936858.709359,11341069.8276843,"2020-10-06T19:03:28.000Z","San Bernardino"
"bbf082dc-fafe-4286-a01b-6be27f223962",269,4586,5755,2355,535,1322,651,861,926,355,566,491,671,541,457,528,505,966,1636,1954,24,0,18,13,30,0,32,23,0,11,43,12,22,25,16,0,153,181,105,191,277,206,166,222,131,364,745,834,344,312,240,115,269,136,105,170,183,197,150,220,316,453,601,825,730,431,580,389,89,334,127,117,181,138,109,63,58,138,247,283,226,93,90,62,51613424.4158109,20990091.8254282,"2019-10-31T10:26:57.000Z","Riverside County, CA"
"c3454eff-010a-4489-ba87-5596eb44788c",159,1064,1184,426,46,444,117,208,322,49,267,46,101,61,97,103,73,161,263,475,33,51,0,0,0,0,0,0,0,17,58,0,0,0,0,0,6,0,0,0,36,14,0,8,40,93,37,208,190,131,174,127,0,52,36,19,37,35,82,51,14,0,112,210,248,62,118,108,7,14,13,27,28,12,15,44,19,51,56,57,6,15,30,32,20838003.5708027,3676283.26002537,"2019-10-30T20:33:50.000Z","Riverside County, CA"
"c6777947-93fa-4e9a-8a31-d12040119080",228,6405,8434,4231,825,2195,442,1607,1878,478,1588,790,711,808,620,593,660,1413,1832,2858,40,16,7,6,20,7,7,11,0,37,60,5,12,0,0,0,330,96,194,78,92,199,130,253,293,562,725,1058,722,572,563,538,304,60,139,337,352,417,227,250,233,435,679,1237,993,720,1103,948,151,270,138,369,247,185,256,79,134,379,368,558,468,315,212,102,732843124.833878,171063620.593125,"2019-01-17T13:55:53.000Z","Riverside County, CA"
"c769df05-1060-4ca2-99e3-faaf0482f098",62,1201,1575,1033,127,448,162,155,123,216,97,232,222,148,223,265,86,299,384,684,0,0,9,0,0,8,9,0,0,8,5,23,0,0,0,0,17,8,51,97,26,27,37,72,43,79,208,257,171,62,28,18,55,59,49,55,64,75,132,108,31,71,148,276,227,72,95,58,55,95,107,80,132,38,45,85,12,141,23,128,50,21,0,21,29657304.1660035,4738751.17780779,"2019-10-30T19:58:40.000Z","Riverside County, CA"
"cdabd897-5aa6-4494-b3a3-57483f983169",0,316,771,711,65,355,53,113,242,56,201,64,31,22,40,64,24,83,159,226,0,0,0,0,0,0,0,0,0,0,0,0,0,0,0,0,14,8,0,9,0,0,0,7,0,16,44,20,126,0,60,12,41,35,8,14,11,0,7,23,0,16,52,100,122,35,140,167,10,10,48,41,20,22,33,34,24,51,63,106,107,78,42,22,169974087.483859,33805890.7174241,"2020-09-05T23:36:14.000Z",",92482"
"d25419b0-cf5b-4bbe-a649-88b7ddce49bf",25,222,528,379,82,101,128,77,86,45,43,38,29,64,18,103,33,81,70,156,0,0,0,20,5,0,0,0,0,0,0,0,0,0,0,0,26,39,0,0,2,16,0,13,9,15,0,35,36,7,19,5,42,37,39,0,18,29,0,32,10,44,38,64,39,52,46,38,14,52,6,18,4,19,18,58,14,22,32,57,26,18,21,0,1256819292.8812,134492258.611564,"2020-09-09T23:20:35.000Z","San Bernardino County, CA"
"d441a780-bae3-4d77-a92b-669168ef14bb",194,1635,2888,2425,559,361,812,216,305,451,284,423,471,631,268,413,206,463,641,638,39,8,0,32,22,0,17,0,58,8,0,0,0,0,10,0,157,153,71,71,92,154,53,42,20,123,192,200,67,25,164,51,234,381,143,92,210,169,128,242,14,182,236,239,240,90,115,173,129,270,237,228,147,308,70,129,114,150,213,199,54,101,16,60,11382766639.0783,228173030.355854,"2020-08-06T19:42:34.000Z","San Bernardino County, CA"
"d819e493-9fb5-47db-ba42-0362c0136b68",0,292,302,429,84,131,14,55,42,16,52,67,86,17,13,64,23,148,106,105,0,0,0,0,0,0,0,0,0,0,0,0,0,0,0,0,0,0,0,29,37,0,0,14,16,16,56,9,90,16,9,0,41,0,0,14,0,0,0,0,0,66,16,47,29,28,23,38,43,14,16,24,49,17,13,50,7,66,34,49,12,11,10,14,23833591.2935209,308705.306423074,"2019-09-15T04:14:57.000Z","Riverside County, CA"
"dc983a19-48a4-4e06-a532-6d3a499c5c82",0,305,247,227,18,21,82,25,148,57,0,44,37,42,30,0,13,33,23,206,0,0,0,0,0,0,0,0,0,0,0,0,0,0,0,0,0,0,15,16,0,0,13,0,0,20,0,124,8,0,109,0,18,33,0,5,17,26,0,0,0,7,23,54,0,25,39,0,0,49,42,23,20,16,17,0,13,6,0,28,13,0,0,0,33652797.5083235,6559614.8956553,"2019-10-10T22:39:35.000Z","Riverside County, CA"
"ed753b79-616e-4570-96e0-2ca42b618cee",16,385,1086,1138,150,162,138,286,399,113,214,76,81,40,55,92,194,203,198,224,0,0,0,0,0,0,0,16,0,0,0,0,0,0,0,0,0,15,0,0,0,0,23,52,43,13,23,65,0,131,16,4,33,41,29,20,22,12,0,0,49,115,46,87,116,88,263,165,117,82,84,56,59,28,32,24,102,75,129,72,46,67,120,45,249475463.706761,4926121.38875672,"2020-09-06T17:31:37.000Z","San Bernardino County, CA"
"ee9d3675-716f-4354-98aa-ed6ffc4a09f9",41,340,1314,955,189,147,97,240,426,43,382,40,48,63,67,107,54,295,126,326,0,0,0,20,5,0,0,16,0,0,0,0,0,0,0,0,0,17,0,0,2,0,0,13,14,20,40,64,25,76,45,24,51,33,22,0,22,22,0,58,23,179,25,125,102,96,274,282,138,47,21,20,19,41,67,20,17,96,61,137,20,68,107,76,730824289.341706,138606230.7571,"2020-09-06T00:30:21.000Z","San Bernardino County, CA"
"eef82a22-968a-45df-875f-f9ff251c3916",7,534,1148,738,28,130,48,299,479,118,369,82,60,88,95,74,37,83,233,204,0,0,0,0,0,0,0,0,7,0,0,0,0,0,0,0,7,2,17,0,47,0,5,11,10,18,42,28,40,107,143,57,11,3,35,32,0,45,6,15,0,13,115,92,79,151,285,266,10,43,66,50,13,43,84,48,20,52,76,84,11,41,51,46,250112850.20324,13342363.3586094,"2019-10-25T17:57:46.000Z",",87701"
